pin14,pin10,address,demolition_probability,land_ratio,building_age,underbuilt_ratio,violation_count_5yr,is_vacant,community_area,zone_class,is_llc_owner,nearby_demo_count_2yr,years_since_renovation,renovation_investment
25221120140000,2522112014,11355 S MICHIGAN AVE,0.9984191656112671,nan,nan,nan,0.0,1.0,Roseland,C1-2,0,4.0,14.9,0.0
25161130030000,2516113003,417 W 104TH ST,0.9983965754508972,nan,nan,nan,0.0,1.0,Roseland,RS-2,0,4.0,17.3,0.0
25221020220000,2522102022,123 E 111TH ST,0.9973157048225403,nan,nan,nan,0.0,1.0,Roseland,B3-2,0,4.0,99.0,0.0
25221120160000,2522112016,11359 S MICHIGAN AVE,0.9973157048225403,nan,nan,nan,0.0,1.0,Roseland,C1-3,0,4.0,99.0,0.0
25211240270000,2521124027,11443 S HALSTED ST,0.9964973330497742,0.2311129371886395,nan,nan,0.0,1.0,Roseland,B3-1,0,1.0,12.4,0.0
25221100280000,2522110028,11350 S MICHIGAN AVE,0.9964689016342163,0.2951067130697304,nan,nan,0.0,1.0,Roseland,B3-2,0,2.0,99.0,0.0
25153200120000,2515320012,36 E 110TH PL,0.9955496788024902,0.2730683506686478,nan,nan,0.0,1.0,Roseland,B3-2,0,6.0,99.0,0.0
25161040100000,2516104010,525 W 103RD ST,0.9955110549926758,0.4132130359627303,nan,nan,0.0,1.0,Roseland,B3-1,0,3.0,15.2,0.0
25153200100000,2515320010,30 E 110TH PL,0.9951375126838684,0.27903887033100516,nan,nan,0.0,1.0,Roseland,B3-2,0,6.0,99.0,0.0
16222220430000,1622222043,1420 S PULASKI RD,0.9946478009223938,nan,nan,nan,6.0,1.0,North Lawndale,C1-2,0,3.0,99.0,0.0
14333090410000,1433309041,1802 N CLEVELAND AVE,0.9934784173965454,0.46407498338374725,139.0,0.27621483375959077,0.0,0.0,Lincoln Park,RM-5,1,21.0,99.0,0.0
25153220050000,2515322005,11023 S MICHIGAN AVE,0.9933940768241882,0.3253511324813362,nan,nan,0.0,1.0,Roseland,B1-2,0,7.0,99.0,0.0
14193130350000,1419313035,2124 W ROSCOE ST,0.9931584000587463,0.5434782608695652,114.0,0.41727272727272724,6.0,0.0,North Center,B1-2,0,24.0,99.0,0.0
14201190210000,1420119021,3609 N ASHLAND AVE,0.9930503368377686,0.6782339717043322,135.0,0.3432455395072217,0.0,0.0,Lake View,C1-2,1,21.0,99.0,0.0
14322220200000,1432222020,2048 N SEMINARY AVE,0.9923526644706726,0.4305555555555556,136.0,0.4336021505376344,0.0,0.0,Lincoln Park,RT-4,1,19.0,99.0,0.0
14301080280000,1430108028,3039 N CLYBOURN AVE,0.9923099279403687,0.6026785714285714,125.0,0.4148148148148148,0.0,0.0,North Center,RT-4,1,16.0,99.0,0.0
14301080320000,1430108032,3027 N CLYBOURN AVE,0.9922075867652893,0.5932203389830508,125.0,0.4,0.0,0.0,North Center,RT-4,1,16.0,99.0,0.0
14193160230000,1419316023,3309 N WESTERN AVE,0.9920137524604797,0.6192107553563823,135.0,0.4186915887850467,0.0,0.0,North Center,C1-2,1,18.0,99.0,0.0
16103310360000,1610331036,4400 W MADISON ST,0.9916447997093201,nan,nan,nan,1.0,1.0,West Garfield Park,B3-2,0,4.0,14.8,0.0
25153170350000,2515317035,10954 S MICHIGAN AVE,0.9912556409835815,nan,nan,nan,0.0,1.0,Roseland,B3-2,0,8.0,99.0,0.0
13112240390000,1311224039,3200 W FOSTER AVE,0.9909602999687195,nan,nan,nan,1.0,1.0,North Park,PD 707,0,2.0,14.8,0.0
14324160240000,1432416024,1827 N CLYBOURN AVE,0.9907944798469543,0.41789756494887975,135.0,0.37157024793388427,3.0,0.0,Lincoln Park,B1-2,1,24.0,13.7,0.0
14293100340000,1429310034,2624 N RACINE AVE,0.9907762408256531,0.5740740740740741,135.0,0.40940860215053765,0.0,0.0,Lincoln Park,RT-4,1,7.0,99.0,0.0
14301090280000,1430109028,3048 N CLYBOURN AVE,0.9907625317573547,0.5208333333333334,130.0,0.41309090909090906,0.0,0.0,North Center,C1-2,1,15.0,99.0,0.0
20192280190000,2019228019,6653 S WOOD ST,0.9907228350639343,nan,120.0,0.287940379403794,1.0,1.0,West Englewood,RS-3,0,5.0,99.0,0.0
17064320310000,1706432031,848 N ASHLAND AVE,0.9905242323875427,0.41329787234042553,119.0,0.33939393939393936,0.0,0.0,West Town,B1-2,1,17.0,99.0,0.0
14321130160000,1432113016,2219 N MAGNOLIA AVE,0.9902543425559998,0.5535714285714286,41.0,0.6961245519713262,0.0,0.0,Lincoln Park,RT-4,1,11.0,99.0,0.0
13121000340000,1312100034,5323 N KEDZIE AVE,0.9901968240737915,nan,nan,nan,1.0,1.0,North Park,C1-2,0,2.0,99.0,0.0
25034160320000,2503416032,9236 S COTTAGE GROVE AVE,0.9901372194290161,nan,112.0,0.36363636363636365,6.0,1.0,Chatham,C1-2,0,7.0,99.0,0.0
14194100320000,1419410032,1930 W ROSCOE ST,0.9897414445877075,0.5885301175541447,124.0,0.6623655913978493,0.0,0.0,North Center,RS-3,1,26.0,99.0,0.0
14194090190000,1419409019,1925 W CORNELIA AVE,0.9895927906036377,0.58125,121.0,0.45639187574671447,0.0,0.0,North Center,RS-3,1,27.0,99.0,0.0
14191240020000,1419124002,3655 N WESTERN AVE,0.9894082546234131,0.626953125,111.0,0.22118380062305296,1.0,0.0,North Center,B3-3,1,15.0,99.0,0.0
14301140270000,1430114027,2228 W OAKDALE AVE,0.9893481731414795,0.5660821679588436,128.0,0.4124444444444444,0.0,0.0,North Center,RS-3,1,15.0,99.0,0.0
14184190090000,1418419009,1827 W BELLE PLAINE AVE,0.9893479347229004,0.5481862479696805,129.0,0.3898765432098765,0.0,0.0,North Center,RS-3,1,18.0,99.0,0.0
14193200330000,1419320033,3332 N HAMILTON AVE,0.9892501831054688,0.5756004812762734,130.0,0.7139784946236559,0.0,0.0,North Center,RS-3,1,26.0,99.0,0.0
14193070390000,1419307039,3512 N DAMEN AVE,0.989100992679596,0.5812383752324953,125.0,0.8437275985663083,0.0,0.0,North Center,RS-3,1,25.0,99.0,0.0
17281150140000,1728115014,460 W 24TH PL,0.9889799356460571,0.4583333333333333,135.0,0.1527272727272727,7.0,0.0,Armour Square,M2-2,1,2.0,99.0,0.0
14322250320000,1432225032,954 W ARMITAGE AVE,0.9889296889305115,0.351921019538655,136.0,0.5948484848484847,6.0,0.0,Lincoln Park,B3-2,1,29.0,99.0,0.0
14194180210000,1419418021,1956 W HENDERSON ST,0.9889110326766968,0.6061541803736578,133.0,0.3927272727272727,0.0,0.0,North Center,B3-2,1,27.0,99.0,0.0
14322130230000,1432213023,2113 N RACINE AVE,0.9885214567184448,0.45588235294117646,140.0,0.40376344086021504,0.0,0.0,Lincoln Park,RT-4,1,11.0,99.0,0.0
13364230450000,1336423045,1706 N ARTESIAN AVE,0.9884933829307556,0.31885714285714284,135.0,0.2628434886499403,0.0,0.0,West Town,RS-3,1,6.0,99.0,0.0
14322270110000,1432227011,2035 N FREMONT ST,0.9884585738182068,0.49421811740890687,133.0,0.5381333333333334,0.0,0.0,Lincoln Park,RT-4,1,33.0,99.0,0.0
14291010250000,1429101025,1434 W FLETCHER ST,0.9883888959884644,0.5488490270004449,127.0,0.5376,0.0,0.0,Lake View,RS-3,1,16.0,11.1,0.0
14291220100000,1429122010,2921 N SOUTHPORT AVE,0.988381564617157,0.5559493670886076,130.0,0.419150521609538,0.0,0.0,Lake View,B3-2,1,13.0,99.0,0.0
14304000090000,1430400009,2470 N CLYBOURN AVE,0.9883643388748169,0.4704341542722948,133.0,0.29696969696969694,0.0,0.0,Lincoln Park,M1-2,1,6.0,16.9,0.0
14201190090000,1420119009,3639 N ASHLAND AVE,0.9883367419242859,0.6582293016617726,132.0,0.319626168224299,6.0,0.0,Lake View,C1-2,0,17.0,99.0,0.0
14192170280000,1419217028,1936 W BRADLEY PL,0.9883171916007996,0.5541286985891707,125.0,0.5670194003527337,0.0,0.0,North Center,RS-3,1,33.0,99.0,0.0
14324100420000,1432410042,1938 N HALSTED ST,0.9882500171661377,0.45161103853312834,134.0,0.6218666666666667,0.0,0.0,Lincoln Park,RT-4,1,35.0,99.0,0.0
14183160180000,1418316018,4117 N CLAREMONT AVE,0.9881221652030945,0.5264150943396226,135.0,0.38602150537634405,0.0,0.0,North Center,RS-3,1,16.0,99.0,0.0
25093240330000,2509324033,746 W 103RD ST,0.9880419969558716,0.32793878789064795,nan,nan,0.0,1.0,Washington Heights,C1-2,1,4.0,99.0,0.0
14294020270000,1429402027,2663 N LINCOLN AVE,0.9877550005912781,0.5480769230769231,132.0,0.39473684210526316,0.0,0.0,Lincoln Park,B3-2,1,11.0,11.4,0.0
17081340160000,1708134016,1221 W GRAND AVE,0.9877054691314697,0.32748387096774195,133.0,0.23640661938534277,0.0,0.0,West Town,M2-2,1,11.0,99.0,0.0
14291210100000,1429121010,1433 W OAKDALE AVE,0.9876911640167236,0.6330918243891586,135.0,0.45187102847728877,0.0,0.0,Lake View,RT-3.5,1,11.0,99.0,0.0
14292230440000,1429223044,1100 W WOLFRAM ST,0.9876201748847961,0.7001026817266532,131.0,0.16666666666666666,0.0,0.0,Lake View,RM-5,1,10.0,99.0,0.0
14193290210000,1419329021,3222 N LEAVITT ST,0.9875612854957581,0.5681818181818182,130.0,0.6270370370370371,0.0,0.0,North Center,RS-3,1,24.0,99.0,0.0
14293050290000,1429305029,2712 N MAGNOLIA AVE,0.9871758818626404,0.6123255201474849,134.0,0.6594982078853046,0.0,0.0,Lincoln Park,RS-3,1,9.0,99.0,0.0
14192210220000,1419221022,3708 N HERMITAGE AVE,0.9870433211326599,0.614545969416651,129.0,0.6634666666666666,0.0,0.0,Lake View,RS-3,1,17.0,99.0,0.0
14302210450000,1430221045,1918 W DIVERSEY PKY,0.9870352149009705,0.5580348852159255,120.0,0.4106666666666667,0.0,0.0,North Center,RT-4,1,6.0,99.0,0.0
16014080380000,1601408038,2720 W CORTEZ ST,0.9870193004608154,0.43682052556376966,133.0,0.168,0.0,0.0,West Town,RT-4,1,4.0,99.0,0.0
14073010120000,1407301012,5145 N CLAREMONT AVE,0.9870188236236572,0.4976774193548387,119.0,0.44248552415521564,0.0,1.0,Lincoln Square,RS-3,1,13.0,99.0,0.0
14331040110000,1433104011,519 W FULLERTON PKY,0.9869899153709412,nan,nan,nan,0.0,1.0,Lincoln Park,RM-5,0,5.0,99.0,0.0
14191060020000,1419106002,2053 W IRVING PARK RD,0.986916184425354,0.764262528347192,115.0,0.09921212121212121,0.0,0.0,North Center,B2-3,1,25.0,99.0,0.0
17063150190000,1706315019,2048 W AUGUSTA BLVD,0.9869117736816406,0.3287516828955196,133.0,0.611111111111111,0.0,0.0,West Town,RT-4,1,12.0,99.0,0.0
17072180360000,1707218036,1924 W GRAND AVE,0.9868471026420593,0.3074295473953886,131.0,0.3245614035087719,3.0,0.0,West Town,B2-2,1,12.0,99.0,0.0
25221070320000,2522107032,11227 S MICHIGAN AVE,0.9867678284645081,nan,nan,nan,39.0,0.0,Roseland,B1-3,0,5.0,99.0,0.0
14192120090000,1419212009,1841 W BERENICE AVE,0.9866943359375,0.5994475562034834,125.0,0.7239111111111111,0.0,0.0,North Center,RS-3,1,28.0,99.0,0.0
14283020520000,1428302052,746 W WRIGHTWOOD AVE,0.9866124391555786,0.5292459353557561,129.0,0.45157606212882595,0.0,0.0,Lincoln Park,B1-2,1,8.0,99.0,0.0
20212110280000,2021211028,6552 S PERRY AVE,0.9865293502807617,0.5661239645815481,128.0,0.4923862854897338,0.0,1.0,Greater Grand Crossing,RS-3,0,4.0,99.0,0.0
14183300150000,1418330015,2046 W IRVING PARK RD,0.9863247275352478,0.7774665020181728,125.0,0.15084275656069981,0.0,0.0,North Center,B2-3,1,22.0,99.0,0.0
14292020150000,1429202015,3123 N SEMINARY AVE,0.9862940907478333,0.5933544303797469,135.0,0.45511111111111113,6.0,0.0,Lake View,RS-3,0,17.0,99.0,0.0
25164230260000,2516423026,330 W 110TH PL,0.986255407333374,0.617,125.0,0.3061333333333333,7.0,0.0,Roseland,RS-3,0,5.0,99.0,0.0
25164230120000,2516423012,321 W 110TH ST,0.9862120151519775,nan,130.0,0.4892444444444444,0.0,1.0,Roseland,RS-3,0,6.0,99.0,0.0
25221090120000,2522109012,33 E 113TH ST,0.9861417412757874,0.216262400911378,nan,nan,0.0,1.0,Roseland,B3-2,0,4.0,99.0,0.0
14334140020000,1433414002,1761 N WELLS ST,0.9861193895339966,0.5055428571428572,132.0,0.09360544217687075,0.0,0.0,Lincoln Park,RM-5,1,4.0,99.0,0.0
14324100410000,1432410041,1942 N HALSTED ST,0.986088216304779,0.4376953847188141,135.0,0.6282666666666668,0.0,0.0,Lincoln Park,RT-4,1,35.0,99.0,0.0
16253030290000,1625303029,2724 S TROY ST,0.9859846830368042,0.47373333333333334,135.0,0.41666666666666663,6.0,0.0,South Lawndale,RS-3,0,2.0,99.0,0.0
14294220230000,1429422023,1044 W MONTANA ST,0.9859667420387268,0.5679896548294041,134.0,0.3269118505545826,0.0,0.0,Lincoln Park,RT-4,1,6.0,99.0,0.0
14191300160000,1419130016,3625 N HOYNE AVE,0.9859597682952881,0.6224316329125785,124.0,0.6344086021505376,0.0,0.0,North Center,RS-3,1,25.0,99.0,0.0
20183140130000,2018314013,6229 S HOYNE AVE,0.9859024286270142,0.6161277602523659,nan,nan,0.0,1.0,West Englewood,M1-1,0,10.0,99.0,0.0
14193250050000,1419325005,3249 N OAKLEY AVE,0.9858236312866211,0.631578947368421,135.0,0.5246913580246914,0.0,0.0,North Center,RS-3,1,21.0,99.0,0.0
16231220110000,1623122011,1527 S PULASKI RD,0.985724925994873,0.535,120.0,0.2016,6.0,0.0,North Lawndale,B3-2,1,3.0,99.0,0.0
13083010020000,1308301002,6200 W HIGGINS AVE,0.9857041835784912,0.5013540164248079,nan,nan,0.0,1.0,Jefferson Park,B3-1,1,1.0,7.4,0.0
14294020170000,1429402017,2742 N KENMORE AVE,0.9857020378112793,0.6290187307799833,134.0,0.4777777777777778,0.0,0.0,Lincoln Park,RT-4,1,10.0,99.0,0.0
14293170240000,1429317024,2444 N GREENVIEW AVE,0.9856936931610107,0.5468908243872798,124.0,0.42442279942279937,0.0,0.0,Lincoln Park,M1-2,1,8.0,99.0,0.0
20351120030000,2035112003,8013 S DOBSON AVE,0.9856094717979431,nan,nan,nan,0.0,1.0,Chatham,RS-3,0,3.0,14.8,0.0
14301190320000,1430119032,2936 N HOYNE AVE,0.9855174422264099,0.5409270940296318,145.0,0.8470809792843691,0.0,0.0,North Center,RS-3,1,15.0,99.0,0.0
14294030180000,1429403018,2741 N KENMORE AVE,0.9853596091270447,0.5229812922120615,144.0,0.574047619047619,0.0,0.0,Lincoln Park,RT-4,1,10.0,11.1,0.0
14301050310000,1430105031,2138 W BARRY AVE,0.9853326678276062,0.5296610169491526,136.0,0.2656,0.0,0.0,North Center,RS-3,1,28.0,99.0,0.0
14333310200000,1433331020,1627 N HUDSON AVE,0.985141396522522,0.39473684210526316,131.0,0.37333333333333335,0.0,0.0,Lincoln Park,RM-5,1,12.0,99.0,0.0
14311050210000,1431105021,2344 W LYNDALE ST,0.9850559234619141,0.3169811320754717,135.0,0.2916666666666667,0.0,0.0,Logan Square,RT-4,1,10.0,99.0,0.0
14292160340000,1429216034,2944 N SHEFFIELD AVE,0.9850043058395386,0.5468745312546874,125.0,0.217728,0.0,0.0,Lake View,RM-5.5,1,11.0,16.7,0.0
14321070250000,1432107025,1472 W WEBSTER AVE,0.9848916530609131,0.50375,139.0,0.2597402597402597,0.0,0.0,Lincoln Park,M1-2,1,3.0,99.0,0.0
14193080040000,1419308004,3443 N WESTERN AVE,0.9846739768981934,0.5866212873458361,145.0,0.39626168224299063,1.0,0.0,North Center,B3-2,0,10.0,99.0,0.0
14193070430000,1419307043,3502 N DAMEN AVE,0.9845287203788757,0.5716013688930848,115.0,0.8007168458781362,0.0,0.0,North Center,RS-3,1,25.0,99.0,0.0
14193120470000,1419312047,2132 W ROSCOE ST,0.9845144152641296,0.528169014084507,111.0,0.4036363636363636,1.0,0.0,North Center,B1-2,1,24.0,15.4,0.0
14191070140000,1419107014,3905 N SEELEY AVE,0.9842281341552734,0.615123746302042,116.0,0.6848050396437493,0.0,0.0,North Center,RS-3,1,23.0,99.0,0.0
17063310360000,1706331036,2032 W CHICAGO AVE,0.9841938614845276,0.3462478184991274,134.0,0.31586021505376344,8.0,0.0,West Town,B3-2,1,20.0,99.0,0.0
14181280190000,1418128019,2024 W SUNNYSIDE AVE,0.9841926693916321,0.604403299673674,128.0,0.4106129069632719,0.0,0.0,Lincoln Square,RS-3,1,9.0,99.0,0.0
20331040160000,2033104016,7946 S PARNELL AVE,0.984110951423645,nan,135.0,0.16594516594516595,0.0,1.0,Chatham,RT-4,0,4.0,99.0,0.0
16013040180000,1601304018,1119 N MOZART ST,0.9840500950813293,0.42525,135.0,0.2829218106995885,1.0,0.0,West Town,RS-3,0,5.0,99.0,0.0
14333010110000,1433301011,1951 N BURLING ST,0.9837591648101807,0.4927885539928975,143.0,0.2289813486370158,0.0,0.0,Lincoln Park,RM-4.5,1,34.0,99.0,0.0
14193120020000,1419312002,3455 N LEAVITT ST,0.9837337136268616,0.656112428039282,115.0,0.4853046594982079,0.0,0.0,North Center,RS-3,1,23.0,14.8,0.0
14181240250000,1418124025,2217 W WILSON AVE,0.9834654331207275,0.5590909090909091,131.0,0.3772357723577236,0.0,0.0,Lincoln Square,RS-3,1,8.0,99.0,0.0
14203090240000,1420309024,3432 N GREENVIEW AVE,0.9834486842155457,0.6318793314309009,128.0,0.39406041986687146,0.0,0.0,Lake View,RT-3.5,0,21.0,99.0,0.0
14203250110000,1420325011,1433 W SCHOOL ST,0.9833515286445618,0.5734155381848876,134.0,0.8448,0.0,0.0,Lake View,RT-3.5,1,21.0,99.0,0.0
13362270520000,1336227052,2714 W ST HELEN ST,0.983315110206604,0.4203828392145803,133.0,0.5194228634850167,0.0,1.0,Logan Square,RM-4.5,1,12.0,2.5,1.0
14184110080000,1418411008,1943 W BERTEAU AVE,0.9832768440246582,0.5113636363636364,130.0,0.6570666666666667,0.0,0.0,North Center,RS-3,1,11.0,99.0,0.0
14192050050000,1419205005,3933 N RAVENSWOOD AVE,0.983258843421936,0.5532786885245902,135.0,0.8872427983539094,0.0,0.0,Lake View,RS-3,1,19.0,99.0,0.0
14283020140000,1428302014,2619 N HALSTED ST,0.9832457304000854,0.5165094339622641,128.0,0.4587795765877957,0.0,0.0,Lincoln Park,B1-2,1,8.0,99.0,0.0
17062350110000,1706235011,1253 N PAULINA ST,0.9832060933113098,0.3003731343283582,145.0,0.31905138339920946,0.0,0.0,West Town,B3-2,1,6.0,99.0,0.0
14191110370000,1419111037,3806 N LEAVITT ST,0.9831856489181519,0.5602409638554217,115.0,0.7329749103942652,0.0,0.0,North Center,RS-3,1,23.0,99.0,0.0
20171310230000,2017131023,1158 W 59TH ST,0.9831489324569702,nan,nan,nan,0.0,1.0,West Englewood,C1-1,0,6.0,16.5,0.0
25221090290000,2522109029,11312 S MICHIGAN AVE,0.9830998182296753,0.6366666666666667,137.0,0.4774535809018567,6.0,0.0,Roseland,B3-2,0,3.0,99.0,0.0
14194000310000,1419400031,1934 W EDDY ST,0.9830831289291382,0.6353426165575556,119.0,0.6257040450588838,0.0,0.0,North Center,RS-3,1,25.0,99.0,0.0
20331040220000,2033104022,7948 S PARNELL AVE,0.9829639196395874,nan,130.0,0.18590097551997056,0.0,1.0,Chatham,RT-4,0,4.0,99.0,0.0
14301220430000,1430122043,2877 N CLYBOURN AVE,0.9829314351081848,0.6845514847188643,117.0,0.1518924815279807,0.0,0.0,North Center,B3-2,1,10.0,99.0,0.0
14291010230000,1429101023,1440 W FLETCHER ST,0.9829298257827759,0.5641359943837128,129.0,0.6666666666666666,0.0,0.0,Lake View,RS-3,1,15.0,99.0,0.0
20194100440000,2019410044,1838 W 69TH ST,0.9827918410301208,nan,nan,nan,0.0,1.0,West Englewood,B2-3,0,10.0,99.0,0.0
17311200230000,1731120023,3424 S LEAVITT ST,0.9827643036842346,0.46875,135.0,0.41,8.0,0.0,McKinley Park,RS-3,0,2.0,99.0,0.0
26062160100000,2606216010,8923 S EXCHANGE AVE,0.9826346039772034,0.4633333333333333,135.0,0.5645083932853717,0.0,1.0,South Chicago,RT-4,1,8.0,99.0,0.0
17294240210000,1729424021,2951 S FARRELL ST,0.9826235175132751,0.5579953500387497,135.0,0.49382716049382713,2.0,1.0,Bridgeport,RS-3,1,5.0,99.0,0.0
20274050390000,2027405039,657 E 75TH ST,0.9825947880744934,nan,nan,nan,0.0,1.0,Greater Grand Crossing,B1-1,0,2.0,15.4,0.0
14301150040000,1430115004,2229 W OAKDALE AVE,0.9825494289398193,0.5681818181818182,130.0,0.5216000000000001,0.0,0.0,North Center,RS-3,1,14.0,99.0,0.0
14192240410000,1419224041,1606 W WAVELAND AVE,0.9824886322021484,0.5837248353804645,115.0,0.38200183654729103,0.0,0.0,Lake View,C1-2,1,14.0,99.0,0.0
14322120190000,1432212019,822 W WEBSTER AVE,0.9824835658073425,0.32647758861897924,134.0,0.6515942028985507,0.0,0.0,Lincoln Park,RT-4,1,11.0,99.0,0.0
25162060890000,2516206089,231 W 104TH PL,0.9824732542037964,0.5910683012259195,125.0,0.28170940170940173,6.0,0.0,Roseland,RS-2,0,8.0,99.0,0.0
16123290460000,1612329046,3000 W MADISON ST,0.9823952317237854,0.47833995822946845,nan,nan,0.0,1.0,East Garfield Park,B3-2,0,1.0,99.0,0.0
20192050360000,2019205036,6342 S PAULINA ST,0.982234537601471,nan,134.0,0.3327913279132791,7.0,1.0,West Englewood,RS-3,0,6.0,99.0,0.0
14324130170000,1432413017,1835 N FREMONT ST,0.9821455478668213,0.3676621457547037,129.0,0.448,0.0,0.0,Lincoln Park,RT-4,1,35.0,99.0,0.0
14321120340000,1432112034,1248 W WEBSTER AVE,0.9821266531944275,0.4816495501950482,135.0,0.5036157024793388,0.0,0.0,Lincoln Park,RT-4,1,11.0,99.0,0.0
14294170110000,1429417011,1129 W LILL AVE,0.9821213483810425,0.5487804878048781,145.0,0.27222222222222225,0.0,0.0,Lincoln Park,RT-4,1,5.0,99.0,0.0
14301100100000,1430110010,3035 N LEAVITT ST,0.9820680022239685,0.5636363636363636,125.0,0.7727598566308242,0.0,0.0,North Center,RS-3,1,19.0,99.0,0.0
20302020020000,2030202002,1855 W 71ST ST,0.9820379018783569,0.6193961573650503,130.0,0.4593230769230769,6.0,0.0,West Englewood,RS-2,0,10.0,99.0,0.0
17072080350000,1707208035,1924 W ERIE ST,0.9820353984832764,0.34913947295202513,131.0,0.3984517304189435,0.0,0.0,West Town,RS-3,1,21.0,99.0,0.0
14202290020000,1420229002,3651 N WILTON AVE,0.9819688200950623,0.5487804878048781,135.0,0.38625,2.0,0.0,Lake View,RM-5,1,2.0,99.0,0.0
25024060070000,2502406007,9219 S WOODLAWN AVE,0.9818617105484009,nan,nan,nan,0.0,1.0,Burnside,RS-3,0,1.0,99.0,0.0
14193170200000,1419317020,3315 N CLAREMONT AVE,0.9818500876426697,0.5535714285714286,124.0,0.6382317801672641,0.0,0.0,North Center,RS-3,1,21.0,99.0,0.0
20184150160000,2018415016,6049 S MARSHFIELD AVE,0.9818426370620728,nan,nan,nan,0.0,1.0,West Englewood,RS-3,0,6.0,7.0,0.0
14294020160000,1429402016,2744 N KENMORE AVE,0.981813907623291,0.49054876054679836,135.0,0.4844444444444445,0.0,0.0,Lincoln Park,RT-4,1,10.0,99.0,0.0
14201010400000,1420101040,3908 N JANSSEN AVE,0.9817715883255005,0.6330438044670168,137.0,0.31435897435897436,1.0,0.0,Lake View,RM-5,0,9.0,99.0,0.0
14292060070000,1429206007,929 W FLETCHER ST,0.9816464781761169,0.530385653018885,129.0,0.5673633089599477,0.0,0.0,Lake View,RM-4.5,1,13.0,99.0,0.0
14301020200000,1430102020,2201 W BELMONT AVE,0.981599748134613,0.5202760652627968,115.0,0.2884363636363636,0.0,0.0,North Center,B2-2,1,24.0,12.2,0.0
20282060320000,2028206032,7120 S LAFAYETTE AVE,0.9815413951873779,0.5938823529411764,135.0,0.29529190207156303,7.0,0.0,Greater Grand Crossing,RS-3,0,4.0,99.0,0.0
20193300070000,2019330007,2041 W 69TH PL,0.981509804725647,0.646,113.0,0.3465846153846154,6.0,0.0,West Englewood,RS-2,0,10.0,99.0,0.0
17063190340000,1706319034,2012 W WALTON ST,0.981483519077301,0.29577464788732394,126.0,0.33,0.0,0.0,West Town,RT-4,1,14.0,99.0,0.0
14193060360000,1419306036,3522 N SEELEY AVE,0.9814637303352356,0.5615942028985508,126.0,0.47921146953405014,1.0,0.0,North Center,RS-3,0,25.0,99.0,0.0
14194190310000,1419419031,1934 W SCHOOL ST,0.981456995010376,0.6009599852309965,125.0,0.4693333333333333,2.0,0.0,North Center,RS-3,0,22.0,99.0,0.0
14191180220000,1419118022,3754 N BELL AVE,0.9814164638519287,0.5670731707317073,114.0,0.7371565113500598,0.0,0.0,North Center,RS-3,1,22.0,99.0,0.0
14294150020000,1429415002,1055 W WRIGHTWOOD AVE,0.9813942909240723,0.48907397875625847,145.0,0.7323957137389974,0.0,0.0,Lincoln Park,RT-4,1,8.0,99.0,0.0
14333310410000,1433331041,1612 N SEDGWICK ST,0.9813660383224487,0.44127299463417957,128.0,0.6310344827586207,0.0,0.0,Lincoln Park,RM-5,1,12.0,99.0,0.0
14291160330000,1429116033,1532 W OAKDALE AVE,0.9813636541366577,0.6120570339226491,136.0,0.6354285714285715,0.0,0.0,Lake View,RT-3.5,1,11.0,99.0,0.0
14194100400000,1419410040,1906 W ROSCOE ST,0.9813418388366699,0.5160817739894786,127.0,0.6118279569892473,0.0,0.0,North Center,RS-3,1,28.0,99.0,0.0
17333110140000,1733311014,3621 S WALLACE ST,0.9812749028205872,0.47413793103448276,135.0,0.3911111111111111,1.0,0.0,Bridgeport,RS-3,1,5.0,99.0,0.0
13254160070000,1325416007,2527 N CALIFORNIA AVE,0.9812493920326233,0.45297670405522,120.0,0.3968253968253968,6.0,0.0,Logan Square,B3-1,0,8.0,99.0,0.0
14302170020000,1430217002,2955 N DAMEN AVE,0.9812426567077637,0.6370871727962163,120.0,0.4693333333333334,9.0,0.0,North Center,RT-4,0,19.0,99.0,0.0
14201000330000,1420100033,1524 W BYRON ST,0.9812125563621521,0.5929609793420046,123.0,0.4031280547409579,0.0,0.0,Lake View,B1-2,1,10.0,99.0,0.0
14304080430000,1430408043,2508 N ASHLAND AVE,0.9811840057373047,0.4466235261423637,133.0,0.24915824915824913,7.0,0.0,Lincoln Park,B3-2,1,8.0,5.2,3500.0
14191010280000,1419101028,3926 N OAKLEY AVE,0.9811384081840515,0.6148516422489025,124.0,0.75,0.0,0.0,North Center,RS-3,1,18.0,99.0,0.0
14291120070000,1429112007,3009 N ASHLAND AVE,0.9811263680458069,0.5890909090909091,133.0,0.49961419753086417,0.0,0.0,Lake View,B1-2,1,13.0,99.0,0.0
14203180100000,1420318010,1335 W ROSCOE ST,0.9810442328453064,0.5911816184411425,135.0,0.8545931758530183,0.0,0.0,Lake View,RT-3.5,1,24.0,99.0,0.0
14191160090000,1419116009,3725 N WESTERN AVE,0.9810265302658081,0.5454545454545454,nan,nan,1.0,0.0,North Center,B3-3,1,16.0,99.0,0.0
20184100400000,2018410040,6040 S HONORE ST,0.9809726476669312,0.6403333333333333,113.0,0.3408602150537634,6.0,0.0,West Englewood,RS-3,0,4.0,99.0,0.0
14301040130000,1430104013,2239 W FLETCHER ST,0.9809409976005554,0.5681818181818182,135.0,0.6769777777777778,0.0,0.0,North Center,RS-3,0,21.0,99.0,0.0
14192270160000,1419227016,1925 W PATTERSON AVE,0.9807995557785034,0.5872661897543191,115.0,0.5475555555555556,0.0,0.0,North Center,RS-3,1,29.0,99.0,0.0
14193100060000,1419310006,3445 N OAKLEY AVE,0.9807975888252258,0.545774647887324,129.0,0.8308243727598567,0.0,0.0,North Center,RS-3,1,22.0,99.0,0.0
20184300260000,2018430026,6236 S MARSHFIELD AVE,0.9806964993476868,0.50375,130.0,0.39139784946236555,6.0,0.0,West Englewood,RS-3,0,9.0,99.0,0.0
14194020020000,1419402002,1847 W ADDISON ST,0.9805969595909119,0.5615942028985508,135.0,0.6654377880184331,0.0,0.0,North Center,RT-3.5,1,24.0,11.8,0.0
14194000030000,1419400003,1951 W ADDISON ST,0.9805728793144226,0.7242990654205608,124.0,0.47281105990783406,0.0,0.0,North Center,RT-3.5,0,27.0,99.0,0.0
25223100070000,2522310007,11725 S MICHIGAN AVE,0.9805566072463989,nan,nan,nan,0.0,1.0,West Pullman,B3-1,0,5.0,16.1,0.0
14301090380000,1430109038,3020 N CLYBOURN AVE,0.980543315410614,0.5795838124559516,125.0,0.29730909090909086,1.0,0.0,North Center,C1-2,0,16.0,99.0,0.0
14294020180000,1429402018,2740 N KENMORE AVE,0.980465829372406,0.4991625162227818,135.0,0.5555555555555556,0.0,0.0,Lincoln Park,RT-4,1,10.0,99.0,0.0
14194090060000,1419409006,3451 N DAMEN AVE,0.9804538488388062,0.6150103910825618,135.0,0.7431111111111111,0.0,0.0,North Center,RS-3,1,28.0,99.0,0.0
14183150100000,1418315010,4137 N WESTERN AVE,0.980409562587738,0.5598837209302325,110.0,0.3349532710280374,0.0,0.0,North Center,B3-3,1,14.0,99.0,0.0
17071210360000,1707121036,2032 W RACE AVE,0.9803766012191772,0.31542857142857145,132.0,0.46497584541062803,0.0,0.0,West Town,RS-3,1,13.0,99.0,0.0
14192220040000,1419222004,3749 N HERMITAGE AVE,0.9803669452667236,0.52734375,130.0,0.6349794238683127,0.0,0.0,Lake View,RS-3,1,18.0,99.0,0.0
14333100490000,1433310049,1800 N HUDSON AVE,0.9803007245063782,0.3435690210610603,129.0,0.6504065040650406,0.0,0.0,Lincoln Park,RM-5,1,16.0,99.0,0.0
20044090340000,2004409034,4404 S WENTWORTH AVE,0.9802930951118469,nan,nan,nan,0.0,1.0,Fuller Park,C1-1,0,5.0,99.0,0.0
20364230090000,2036423009,8584 S SOUTH CHICAGO AVE,0.9802930951118469,nan,nan,nan,0.0,1.0,Avalon Park,M1-2,0,5.0,99.0,0.0
25032230410000,2503223041,8950 S COTTAGE GROVE AVE,0.9802930951118469,nan,nan,nan,0.0,1.0,Chatham,B3-2,0,5.0,99.0,0.0
20364230100000,2036423010,8586 S SOUTH CHICAGO AVE,0.9802930951118469,nan,nan,nan,0.0,1.0,Avalon Park,M1-2,0,5.0,99.0,0.0
17333120360000,1733312036,3634 S NORMAL AVE,0.9801930785179138,0.44,135.0,0.337037037037037,7.0,0.0,Bridgeport,RS-3,0,4.0,99.0,0.0
21312300420000,2131230042,8248 S HOUSTON AVE,0.980103075504303,0.45667105070875347,135.0,0.47217777777777775,12.0,0.0,South Chicago,RS-3,1,6.0,99.0,0.0
25212090020000,2521209002,253 W 112TH ST,0.9800595641136169,0.5803156917363046,123.0,0.2908444444444444,7.0,0.0,Roseland,RS-3,0,6.0,99.0,0.0
14194120100000,1419412010,1817 W NEWPORT AVE,0.9800204038619995,0.5783582089552238,130.0,0.3462365591397849,0.0,0.0,North Center,RS-3,0,25.0,99.0,0.0
13243130150000,1324313015,3331 N WHIPPLE ST,0.9800195693969727,0.5004166567462679,130.0,0.26088866919316744,7.0,0.0,Avondale,RM-4.5,0,1.0,99.0,0.0
14193210050000,1419321005,2113 W ROSCOE ST,0.9799602627754211,0.6492269870673985,124.0,0.32484848484848483,0.0,0.0,North Center,B1-2,0,25.0,99.0,0.0
16122030290000,1612203029,2436 W SUPERIOR ST,0.979931652545929,0.3289210087809627,146.0,0.6386612021857923,0.0,0.0,West Town,RS-3,1,11.0,99.0,0.0
21304120350000,2130412035,2972 E 78TH ST,0.9798365235328674,0.692,135.0,0.08478877444394686,6.0,0.0,South Shore,RM-6.5,0,3.0,99.0,0.0
14322140300000,1432214030,2136 N SEMINARY AVE,0.9797709584236145,0.40813532187394674,131.0,0.5801075268817205,0.0,0.0,Lincoln Park,RT-4,1,14.0,99.0,0.0
14192290410000,1419229041,1738 W ADDISON ST,0.9797163009643555,0.6726563576250172,102.0,0.41280000000000006,1.0,0.0,Lake View,RT-4,1,19.0,11.3,0.0
20031200230000,2003120023,4232 S INDIANA AVE,0.9796372056007385,0.484589983489268,134.0,0.22596273291925467,7.0,0.0,Grand Boulevard,RM-5,0,4.0,99.0,0.0
17063310430000,1706331043,2016 W CHICAGO AVE,0.9795900583267212,0.3415081967213115,137.0,0.39589442815249265,0.0,0.0,West Town,B3-2,1,23.0,10.9,0.0
14192290110000,1419229011,3635 N RAVENSWOOD AVE,0.9795560240745544,0.5532786885245902,125.0,0.5432098765432098,0.0,0.0,Lake View,RS-3,1,17.0,99.0,0.0
14193060230000,1419306023,3511 N HOYNE AVE,0.9795164465904236,0.5698529411764706,124.0,0.45161290322580644,0.0,0.0,North Center,RS-3,0,26.0,99.0,0.0
14194010170000,1419401017,1923 W EDDY ST,0.9795075058937073,0.5740740740740741,120.0,0.7879330943847073,0.0,0.0,North Center,RS-3,1,23.0,99.0,0.0
14194020090000,1419402009,1825 W ADDISON ST,0.9794874787330627,0.5577465599631527,129.0,0.4686123911930364,0.0,0.0,North Center,RT-3.5,0,23.0,99.0,0.0
14194000300000,1419400030,1938 W EDDY ST,0.9794114232063293,0.636251685920366,119.0,0.6006144393241167,0.0,0.0,North Center,RS-3,1,24.0,16.3,0.0
20101000050000,2010100005,4711 S STATE ST,0.979341447353363,0.5255629062209842,nan,nan,0.0,1.0,Grand Boulevard,B3-2,0,1.0,99.0,0.0
20231120100000,2023112010,6555 S COTTAGE GROVE AVE,0.9792664647102356,nan,nan,nan,0.0,1.0,Woodlawn,RT-4,0,1.0,11.5,0.0
14313140190000,1431314019,2129 W CORTLAND ST,0.9792163968086243,0.3054545454545455,135.0,0.38888888888888884,0.0,0.0,Logan Square,RS-3,1,12.0,99.0,0.0
16354080140000,1635408014,3425 W 38TH ST,0.9791460037231445,0.5732248520710059,135.0,0.3154121863799283,7.0,0.0,Brighton Park,RS-3,1,0.0,99.0,0.0
14293170050000,1429317005,2449 N ASHLAND AVE,0.9790287613868713,0.5242105263157895,135.0,0.4235122307411464,0.0,0.0,Lincoln Park,B3-2,1,8.0,9.8,0.0
14181320130000,1418132013,2154 W MONTROSE AVE,0.9790260791778564,0.46891815712601853,120.0,0.4196721311475409,0.0,0.0,Lincoln Square,B1-2,1,9.0,99.0,0.0
25164160180000,2516416018,252 W 109TH PL,0.9790062308311462,0.5081967213114754,113.0,0.22757983073750088,7.0,0.0,Roseland,RS-3,0,4.0,99.0,0.0
14322180050000,1432218005,915 W WEBSTER AVE,0.9789076447486877,0.3268,141.0,0.7958486332109344,0.0,0.0,Lincoln Park,RT-4,1,16.0,16.3,0.0
14183210530000,1418321053,2056 W BELLE PLAINE AVE,0.9788413643836975,0.618,130.0,0.30377562028047467,0.0,0.0,North Center,RS-3,0,18.0,99.0,0.0
14191140270000,1419114027,3816 N SEELEY AVE,0.9788378477096558,0.585126462816157,120.0,0.8960573476702508,0.0,0.0,North Center,RS-3,1,29.0,99.0,0.0
21322020080000,2132202008,8321 S BUFFALO AVE,0.9788113236427307,0.41333333333333333,125.0,0.36129032258064514,6.0,0.0,South Chicago,RT-4,0,4.0,99.0,0.0
14193170300000,1419317030,3322 N OAKLEY AVE,0.9786836504936218,0.637293599105322,134.0,0.2523297491039427,0.0,0.0,North Center,RS-3,0,22.0,99.0,0.0
14203020210000,1420302021,3538 N JANSSEN AVE,0.9786157608032227,0.68092957870228,124.0,0.33287250384024575,0.0,0.0,Lake View,RT-3.5,0,18.0,99.0,0.0
20182180360000,2018218036,5744 S HONORE ST,0.9785857200622559,0.6538669551108708,110.0,0.3297491039426523,6.0,0.0,West Englewood,RS-3,0,3.0,99.0,0.0
14292100060000,1429210006,3039 N KENMORE AVE,0.9785031676292419,0.6357421875,135.0,0.6464157706093191,0.0,0.0,Lake View,RT-4,1,17.0,9.5,0.0
25083100170000,2508310017,10134 S ELIZABETH ST,0.9784678220748901,0.5872,126.0,0.23446240977454774,1.0,0.0,Washington Heights,RS-2,1,2.0,99.0,0.0
26053060230000,2605306023,9550 S AVENUE N,0.9784519672393799,0.5396935933147632,135.0,nan,7.0,0.0,East Side,PMD 6,1,1.0,17.2,0.0
14193290130000,1419329013,2229 W MELROSE ST,0.9784109592437744,0.5769230769230769,125.0,0.4074074074074074,0.0,0.0,North Center,RS-3,0,22.0,99.0,0.0
25084040070000,2508404007,9913 S MORGAN ST,0.9783908724784851,0.6285714285714286,132.0,0.2548209366391184,6.0,0.0,Washington Heights,RS-2,0,1.0,99.0,0.0
14204110200000,1420411020,1122 W ROSCOE ST,0.9783646464347839,0.5275160919050258,134.0,0.8781144781144781,6.0,0.0,Lake View,RT-4,0,15.0,99.0,0.0
14194110160000,1419411016,1850 W NEWPORT AVE,0.9783404469490051,0.544985720449549,115.0,0.5340873389883758,0.0,0.0,North Center,RS-3,1,24.0,13.8,0.0
14193220440000,1419322044,3306 N SEELEY AVE,0.9783324599266052,0.5615942028985508,135.0,0.5949820788530467,0.0,0.0,North Center,RS-3,0,26.0,99.0,0.0
20364200260000,2036420026,8542 S OGLESBY AVE,0.9782837629318237,0.48825,115.0,0.3178666666666667,5.0,0.0,South Chicago,RS-3,1,5.0,99.0,0.0
14173140280000,1417314028,1446 W IRVING PARK RD,0.9782533049583435,0.6981818181818182,121.0,0.44305555555555554,0.0,0.0,Lake View,RS-3,1,9.0,99.0,0.0
13363090080000,1336309008,1805 N KEDZIE AVE,0.9781990051269531,0.2968085106382979,133.0,0.2838709677419355,0.0,0.0,Logan Square,RM-5,1,5.0,99.0,0.0
25164170070000,2516417007,10921 S WENTWORTH AVE,0.9781926870346069,0.5950122936424306,116.0,0.24189951462678733,7.0,0.0,Roseland,RS-3,0,5.0,99.0,0.0
13133190180000,1313319018,4154 N SACRAMENTO AVE,0.9781593084335327,0.48661290322580647,124.0,0.24196221411998675,0.0,0.0,Irving Park,RS-3,1,10.0,99.0,0.0
14301030240000,1430103024,2158 W FLETCHER ST,0.978156566619873,0.6199726124663996,135.0,0.3554028504944735,0.0,0.0,North Center,RS-3,0,26.0,99.0,0.0
21311280240000,2131128024,8222 S MARQUETTE AVE,0.9780504703521729,0.5454545454545454,130.0,0.3311111111111111,7.0,0.0,South Chicago,RS-3,0,2.0,99.0,0.0
17064090240000,1706409024,1068 N HERMITAGE AVE,0.9780108332633972,0.27303754266211605,135.0,0.7395833333333334,0.0,0.0,West Town,RT-4,1,15.0,99.0,0.0
14073190140000,1407319014,4821 N CLAREMONT AVE,0.9779530167579651,0.5515294117647059,145.0,0.5309063329541145,6.0,0.0,Lincoln Square,RS-3,0,6.0,99.0,0.0
20281000230000,2028100023,7110 S EMERALD AVE,0.9778897166252136,0.6398400399900025,135.0,0.33608625831612754,8.0,0.0,Englewood,RS-3,0,7.0,99.0,0.0
14181080140000,1418108014,2124 W LELAND AVE,0.9778143763542175,0.5837323943661972,130.0,0.4458921462178791,0.0,0.0,Lincoln Square,RS-3,1,9.0,99.0,0.0
20192150370000,2019215037,6444 S ASHLAND AVE,0.9778125882148743,0.8201020102010201,nan,nan,0.0,1.0,West Englewood,C1-2,0,3.0,99.0,0.0
13153040100000,1315304010,4317 N KOSTNER AVE,0.9777854084968567,0.4657142857142857,130.0,0.41415762151958474,0.0,0.0,Irving Park,RS-2,1,5.0,99.0,0.0
14194160290000,1419416029,3442 N MARSHFIELD AVE,0.977756917476654,0.636819165009076,130.0,0.44899604105919444,0.0,0.0,Lake View,RS-3,1,20.0,99.0,0.0
17213120130000,1721312013,714 W 19TH ST,0.9776936769485474,nan,nan,nan,0.0,1.0,Lower West Side,RT-4,0,4.0,99.0,0.0
16151240350000,1615124035,4418 W VAN BUREN ST,0.9776524305343628,0.5278333333333334,115.0,0.4026666666666667,7.0,0.0,West Garfield Park,RT-4,0,9.0,99.0,0.0
14203210040000,1420321004,1449 W HENDERSON ST,0.9776468873023987,0.6399142685523945,131.0,0.3940571428571429,0.0,0.0,Lake View,RT-3.5,0,23.0,99.0,0.0
14192130380000,1419213038,3816 N HERMITAGE AVE,0.9776291847229004,0.5351022588731661,130.0,0.8135111111111111,0.0,0.0,Lake View,RS-3,1,23.0,99.0,0.0
17083140160000,1708314016,1232 W FULTON ST,0.9775556921958923,0.9462768110076892,nan,nan,0.0,0.0,Near West Side,PD 1598,1,22.0,9.8,0.0
14322150200000,1432215020,2119 N SEMINARY AVE,0.977534294128418,0.43140878626617085,138.0,0.6129032258064516,0.0,0.0,Lincoln Park,RT-4,0,18.0,99.0,0.0
14302190410000,1430219041,1910 W GEORGE ST,0.9775210022926331,0.4200277416371867,125.0,0.5959111111111112,0.0,0.0,North Center,RS-3,1,9.0,99.0,0.0
14283020160000,1428302016,2613 N HALSTED ST,0.9775057435035706,0.5644329896907216,135.0,0.2514321295143213,0.0,0.0,Lincoln Park,B1-2,0,8.0,99.0,0.0
14193080470000,1419308047,3421 N WESTERN AVE,0.9774318933486938,0.47065861415230864,nan,nan,0.0,1.0,North Center,B3-2,1,13.0,3.2,0.0
14204240370000,1420424037,3218 N SHEFFIELD AVE,0.9773271679878235,0.41218653878542366,126.0,0.6950146627565982,0.0,0.0,Lake View,B3-2,1,16.0,99.0,0.0
14294100050000,1429410005,2656 N LINCOLN AVE,0.9772518873214722,0.5053184925590464,141.0,0.6243756243756243,2.0,0.0,Lincoln Park,B3-2,0,9.0,99.0,0.0
14191230270000,1419123027,2028 W WAVELAND AVE,0.9771489500999451,0.6087270153661889,117.0,0.7359791317309484,0.0,0.0,North Center,RS-3,1,32.0,99.0,0.0
17071100120000,1707110012,2229 W HURON ST,0.9771131277084351,0.33066666666666666,133.0,0.4704301075268818,6.0,0.0,West Town,RT-4,0,16.0,99.0,0.0
20103010110000,2010301011,5141 S WABASH AVE,0.9770599603652954,0.6641191386021927,135.0,0.31495074973335846,6.0,0.0,Washington Park,RT-4,0,2.0,99.0,0.0
16013150190000,1601315019,920 N FRANCISCO AVE,0.9770079851150513,0.29441926767515586,120.0,0.394579945799458,0.0,0.0,West Town,RS-3,1,5.0,99.0,0.0
14294170460000,1429417046,1151 W LILL AVE,0.9770047664642334,0.5871521413097817,134.0,0.5591031644671491,7.0,0.0,Lincoln Park,RT-4,0,6.0,14.2,0.0
16251160030000,1625116003,2407 S ALBANY AVE,0.9769622087478638,0.38652631578947366,135.0,0.35200000000000004,7.0,0.0,South Lawndale,RT-4,1,2.0,99.0,0.0
14192100080000,1419210008,1857 W BYRON ST,0.976849377155304,0.5870885171736413,135.0,0.4731727925644275,0.0,0.0,North Center,RS-3,0,27.0,99.0,0.0
14194010160000,1419401016,1925 W EDDY ST,0.9767743945121765,0.6246473764810188,112.0,0.6774193548387096,0.0,0.0,North Center,RS-3,1,23.0,99.0,0.0
14203210390000,1420321039,3318 N SOUTHPORT AVE,0.9767479300498962,0.5732057191233186,133.0,0.7979487179487179,0.0,0.0,Lake View,RT-3.5,1,24.0,99.0,0.0
14194100240000,1419410024,1952 W ROSCOE ST,0.9767300486564636,0.5964015821956813,130.0,0.40645161290322573,0.0,0.0,North Center,B3-2,0,27.0,99.0,0.0
14203020010000,1420302001,1457 W ADDISON ST,0.9767143726348877,0.4675500677608794,122.0,0.6257188865884518,0.0,0.0,Lake View,RT-3.5,1,15.0,12.4,0.0
20161140330000,2016114033,5724 S LOWE AVE,0.9767033457756042,0.5916,135.0,0.34559999999999996,6.0,0.0,Englewood,RS-3,0,3.0,99.0,0.0
14204120190000,1420412019,1015 W NEWPORT AVE,0.9766986966133118,0.6581256079186771,129.0,0.33405781351880026,0.0,0.0,Lake View,RM-5,0,11.0,99.0,0.0
21314250120000,2131425012,2936 E 87TH ST,0.9766578674316406,nan,nan,nan,0.0,1.0,South Chicago,B3-2,0,3.0,99.0,0.0
25084230250000,2508423025,10136 S HALSTED ST,0.9766578674316406,nan,nan,nan,0.0,1.0,Washington Heights,B3-1,0,3.0,99.0,0.0
16104000310000,1610400031,4316 W CARROLL AVE,0.976641833782196,0.5004,135.0,nan,0.0,1.0,West Garfield Park,PMD 9,0,1.0,99.0,0.0
14194270430000,1419427043,3238 N WOLCOTT AVE,0.9766275882720947,0.7127320338732498,119.0,0.448559670781893,0.0,0.0,North Center,RS-3,1,17.0,99.0,0.0
14331300190000,1433130019,2005 N MOHAWK ST,0.9765487909317017,0.28284671532846717,135.0,0.3829032258064516,0.0,0.0,Lincoln Park,RM-5,1,19.0,99.0,0.0
14301060470000,1430106047,2012 W FLETCHER ST,0.9765483736991882,0.5384615384615384,110.0,0.6584126984126983,0.0,0.0,North Center,RS-3,1,26.0,99.0,0.0
17081380160000,1708138016,418 N ADA ST,0.976536750793457,0.3217714285714286,128.0,0.43908719587995027,0.0,0.0,West Town,RT-4,1,10.0,99.0,0.0
14302190070000,1430219007,2911 N DAMEN AVE,0.9765018820762634,0.6101496360626035,125.0,0.4093333333333334,2.0,0.0,North Center,RT-4,0,10.0,99.0,0.0
14301000070000,1430100007,2313 W BELMONT AVE,0.9764106869697571,0.5208333333333334,130.0,0.776,0.0,0.0,North Center,B3-1,1,19.0,99.0,0.0
14322190400000,1432219040,2108 N DAYTON ST,0.9764025211334229,0.4763722393629346,135.0,0.3144,0.0,0.0,Lincoln Park,RT-4,0,22.0,99.0,0.0
14192030160000,1419203016,1916 W BYRON ST,0.9763932228088379,0.6390269186131675,129.0,0.6955158817623001,2.0,0.0,North Center,RS-3,1,21.0,99.0,0.0
25034160310000,2503416031,9234 S COTTAGE GROVE AVE,0.9763012528419495,0.5460477844437428,122.0,0.3610076670317634,6.0,0.0,Chatham,C1-2,0,7.0,99.0,0.0
14291110100000,1429111010,1231 W BARRY AVE,0.9763001203536987,0.6285904759715406,135.0,0.34346666666666664,0.0,0.0,Lake View,RS-3,0,19.0,99.0,0.0
14291100440000,1429110044,1308 W NELSON ST,0.9763001203536987,0.6203925513188718,135.0,0.34453333333333336,0.0,0.0,Lake View,RS-3,0,19.0,99.0,0.0
14191190120000,1419119012,3725 N BELL AVE,0.9762355089187622,0.580299759144401,114.0,0.6200716845878137,0.0,0.0,North Center,RS-3,1,25.0,99.0,0.0
20204110350000,2020411035,6834 S MORGAN ST,0.9762120842933655,0.55,130.0,0.2773333333333333,7.0,0.0,Englewood,RS-3,0,8.0,99.0,0.0
25093120270000,2509312027,10046 S PARNELL AVE,0.9762023091316223,0.5729045159140144,115.0,0.23729230769230766,6.0,0.0,Washington Heights,RS-2,0,3.0,99.0,0.0
14181260180000,1418126018,2152 W SUNNYSIDE AVE,0.9761580228805542,0.5135625,125.0,0.40111963003529266,0.0,0.0,Lincoln Square,RS-3,1,10.0,99.0,0.0
14204230340000,1420423034,3216 N KENMORE AVE,0.9761523008346558,0.5426790840977522,129.0,0.8634408602150538,0.0,0.0,Lake View,RT-4,1,16.0,99.0,0.0
14073010030000,1407301003,2319 W FOSTER AVE,0.9761360883712769,0.5555555555555556,130.0,0.136,0.0,0.0,Lincoln Square,B1-2,0,12.0,99.0,0.0
17063270430000,1706327043,844 N DAMEN AVE,0.9759982228279114,0.2703681351840676,134.0,0.2873688811188811,0.0,0.0,West Town,B3-2,1,22.0,10.8,0.0
20094160050000,2009416005,5317 S SHIELDS AVE,0.9759604930877686,0.5577142857142857,135.0,0.37525652301377893,7.0,0.0,Fuller Park,RS-3,0,3.0,99.0,0.0
14311050120000,1431105012,2337 W BELDEN AVE,0.9759432673454285,0.3280481137233461,134.0,0.45833333333333337,0.0,0.0,Logan Square,RT-4,1,9.0,99.0,0.0
13361210090000,1336121009,2847 W DICKENS AVE,0.9759429097175598,0.3515625,133.0,0.5605925925925925,0.0,0.0,Logan Square,RS-3,1,15.0,99.0,0.0
14301040170000,1430104017,2229 W FLETCHER ST,0.9758220314979553,0.5296610169491526,135.0,0.40177777777777773,0.0,0.0,North Center,RS-3,0,22.0,99.0,0.0
14201020050000,1420102005,1413 W IRVING PARK RD,0.9757702350616455,0.47250295314345714,124.0,0.1866161616161616,0.0,0.0,Lake View,B3-2,1,6.0,99.0,0.0
13262150020000,1326215002,3069 N GRESHAM AVE,0.9757617115974426,nan,130.0,0.22329575952764358,0.0,1.0,Avondale,RS-3,0,7.0,99.0,0.0
26182060160000,2618206016,10737 S BUFFALO AVE,0.9757434725761414,0.625,135.0,0.4529230769230769,6.0,0.0,East Side,RS-2,0,3.0,99.0,0.0
14183140170000,1418314017,2021 W HUTCHINSON ST,0.9757422208786011,0.6096442468037799,118.0,0.30798064989995694,0.0,0.0,North Center,RS-3,0,12.0,99.0,0.0
14193140420000,1419314042,2040 W ROSCOE ST,0.9756925106048584,0.5514705882352942,145.0,0.49636363636363634,0.0,0.0,North Center,B1-2,1,26.0,16.2,0.0
14291010020000,1429101002,1453 W BELMONT AVE,0.9756762981414795,0.5788537769051235,138.0,0.4276363636363636,8.0,0.0,Lake View,B3-2,0,17.0,99.0,0.0
20171130250000,2017113025,5604 S THROOP ST,0.9756115674972534,0.50775,120.0,0.4096,7.0,0.0,West Englewood,RS-3,0,3.0,99.0,0.0
14201230250000,1420123025,3628 N WAYNE AVE,0.9754624962806702,0.6416540415292755,125.0,0.6291887125220458,9.0,0.0,Lake View,RT-3.5,1,7.0,11.6,0.0
21322020110000,2132202011,8327 S BUFFALO AVE,0.9754223823547363,0.41333333333333333,132.0,0.2532258064516129,0.0,1.0,South Chicago,RT-4,0,4.0,99.0,0.0
17064010130000,1706401013,1135 N WINCHESTER AVE,0.9753963947296143,0.30449186397739453,133.0,0.8824000000000001,0.0,0.0,West Town,RT-4,1,11.0,99.0,0.0
14183240050000,1418324005,4047 N OAKLEY AVE,0.9753847122192383,0.45,130.0,0.5311827956989248,0.0,0.0,North Center,RS-3,1,18.0,99.0,0.0
20201020310000,2020102031,6324 S BISHOP ST,0.9753519296646118,0.5166666666666667,115.0,0.36129032258064514,7.0,0.0,West Englewood,RS-3,0,6.0,99.0,0.0
14194180290000,1419418029,1938 W HENDERSON ST,0.9753010272979736,0.44899483913978,125.0,0.7409777777777778,0.0,0.0,North Center,RS-3,1,22.0,99.0,0.0
17062340350000,1706234035,1226 N PAULINA ST,0.9752883315086365,0.2914285714285714,138.0,0.6100217864923748,0.0,0.0,West Town,RS-3,1,8.0,99.0,0.0
14193070030000,1419307003,2019 W ADDISON ST,0.9752783179283142,0.64249734434431,118.0,0.7640211640211639,0.0,0.0,North Center,RT-3.5,1,26.0,99.0,0.0
14191210240000,1419121024,2048 W BRADLEY PL,0.9752700924873352,0.576944379484781,134.0,0.5362962962962963,0.0,0.0,North Center,RS-3,0,32.0,99.0,0.0
14321270250000,1432127025,2136 N RACINE AVE,0.975250780582428,0.402197191219472,134.0,0.78,0.0,0.0,Lincoln Park,RT-4,1,10.0,99.0,0.0
21311030540000,2131103054,8008 S COLFAX AVE,0.975212037563324,0.47692307692307695,115.0,0.23655913978494625,7.0,0.0,South Chicago,RT-4,0,1.0,99.0,0.0
25023070100000,2502307010,9253 S COTTAGE GROVE AVE,0.97519850730896,nan,nan,nan,0.0,1.0,Chatham,B3-2,0,8.0,99.0,0.0
14301050020000,1430105002,2157 W FLETCHER ST,0.9751273393630981,0.6009976561091411,143.0,0.7781481481481481,0.0,0.0,North Center,RS-3,1,27.0,99.0,0.0
10363000700000,1036300070,3158 W WALLEN AVE,0.975059986114502,0.7596924266217531,nan,nan,0.0,1.0,West Ridge,RM-5.5,1,2.0,99.0,0.0
16143260050000,1614326005,3947 W GRENSHAW ST,0.9750565886497498,nan,113.0,0.26666666666666666,6.0,1.0,North Lawndale,RT-4,0,3.0,99.0,0.0
14194020060000,1419402006,1835 W ADDISON ST,0.9750483632087708,0.6206852365010972,128.0,0.48663594470046084,0.0,0.0,North Center,RT-3.5,0,24.0,99.0,0.0
14301040210000,1430104021,2219 W FLETCHER ST,0.9750089049339294,0.635593220338983,125.0,0.44325925925925924,0.0,0.0,North Center,RS-3,0,22.0,99.0,0.0
14324100290000,1432410029,1903 N DAYTON ST,0.9749261736869812,0.3551149535004227,145.0,0.5810666666666667,0.0,0.0,Lincoln Park,RT-4,1,35.0,99.0,0.0
17061030430000,1706103043,1512 N LEAVITT ST,0.9749030470848083,0.5029032258064516,135.0,0.3577777777777778,0.0,0.0,West Town,RT-4,1,5.0,16.2,0.0
25093260220000,2509326022,10230 S LOWE AVE,0.9748843908309937,0.5405454545454546,135.0,0.3392,0.0,1.0,Washington Heights,RS-2,1,4.0,99.0,0.0
14294020260000,1429402026,2665 N LINCOLN AVE,0.974876344203949,0.6064501867343021,120.0,0.30346631785480704,0.0,0.0,Lincoln Park,B3-2,0,11.0,99.0,0.0
14293010790000,1429301079,2719 N BOSWORTH AVE,0.9747933745384216,0.4575,36.0,0.7172131147540983,0.0,0.0,Lincoln Park,RT-4,1,8.0,99.0,0.0
13242050290000,1324205029,3816 N WESTERN AVE,0.9747621417045593,0.545893412945436,nan,nan,0.0,0.0,North Center,B3-3,1,15.0,14.1,0.0
14193190450000,1419319045,3304 N LEAVITT ST,0.9746915698051453,0.5615942028985508,130.0,0.47311827956989244,0.0,0.0,North Center,RS-3,0,24.0,99.0,0.0
14292260120000,1429226012,829 W GEORGE ST,0.9746442437171936,0.6758550773612687,133.0,0.47005208333333337,0.0,0.0,Lake View,RT-4,1,8.0,99.0,0.0
14193250300000,1419325030,2226 W MELROSE ST,0.9746209979057312,0.6109321238661245,118.0,0.39573333333333327,0.0,0.0,North Center,RS-3,0,22.0,99.0,0.0
14193150230000,1419315023,3446 N DAMEN AVE,0.974572479724884,0.651249558830944,130.0,0.6551971326164875,0.0,0.0,North Center,RS-3,0,25.0,99.0,0.0
16222110050000,1622211005,1311 S TRIPP AVE,0.9745500087738037,0.503,115.0,0.3246031746031746,1.0,1.0,North Lawndale,RT-4,0,5.0,99.0,0.0
14293060300000,1429306030,2722 N RACINE AVE,0.9745109677314758,0.5712203231591965,133.0,0.3974910394265233,0.0,0.0,Lincoln Park,RT-4,0,8.0,99.0,0.0
14184160200000,1418416020,1907 W WARNER AVE,0.9744833707809448,0.4536290322580645,125.0,0.39573333333333327,0.0,0.0,North Center,RS-3,0,15.0,99.0,0.0
26083030170000,2608303017,10243 S AVENUE L,0.9744584560394287,0.6777777777777778,135.0,0.4663023679417122,1.0,0.0,East Side,RS-3,1,2.0,99.0,0.0
13354010130000,1335401013,1937 N DRAKE AVE,0.9744229316711426,0.5068125,135.0,0.27857298310816464,0.0,0.0,Logan Square,RS-3,1,4.0,99.0,0.0
14183140090000,1418314009,2045 W HUTCHINSON ST,0.9744181632995605,0.44256521739130433,120.0,0.48989750139175425,0.0,0.0,North Center,RS-3,1,13.0,99.0,0.0
17293120070000,1729312007,1374 W FULLER ST,0.9743183255195618,0.5515271717572392,135.0,0.4980181562460043,7.0,0.0,Bridgeport,RS-3,0,6.0,99.0,0.0
14191120100000,1419112010,3831 N LEAVITT ST,0.9742631912231445,0.6078266983989615,117.0,0.7384748485972068,0.0,0.0,North Center,RS-3,1,28.0,6.3,0.0
14322060270000,1432206027,2216 N SEMINARY AVE,0.9742457866668701,0.3443342574820502,144.0,0.5021505376344086,0.0,0.0,Lincoln Park,RT-4,1,13.0,99.0,0.0
14302000060000,1430200006,1939 W BELMONT AVE,0.974234938621521,0.5518115942028986,121.0,0.329493225094013,0.0,0.0,North Center,B3-2,0,22.0,99.0,0.0
16272290030000,1627229003,4127 W 25TH ST,0.9742300510406494,0.477375,125.0,0.35350427350427355,7.0,0.0,South Lawndale,RS-3,0,0.0,99.0,0.0
14191040300000,1419104030,3908 N HAMILTON AVE,0.9742119908332825,0.5715549983406468,118.0,0.7610513739545998,0.0,0.0,North Center,RS-3,1,27.0,99.0,0.0
20153130380000,2015313038,6125 S MICHIGAN AVE,0.9741628766059875,0.9382361390405056,nan,nan,1.0,1.0,Washington Park,RT-4,0,1.0,99.0,0.0
14301090510000,1430109051,3056 N CLYBOURN AVE,0.9741246104240417,0.726146372580289,nan,nan,0.0,0.0,North Center,C1-2,1,15.0,12.3,0.0
14304000080000,1430400008,2472 N CLYBOURN AVE,0.9740588068962097,0.6704857535187092,133.0,0.2716363636363636,0.0,0.0,Lincoln Park,M1-2,1,6.0,99.0,0.0
20194150070000,2019415007,6817 S MARSHFIELD AVE,0.9740270376205444,0.50125,110.0,0.36960000000000004,8.0,0.0,West Englewood,RT-4,0,5.0,99.0,0.0
14183120380000,1418312038,2122 W BERTEAU AVE,0.9740201234817505,0.4928823529411765,119.0,0.7268170426065163,0.0,0.0,North Center,RS-3,1,11.0,99.0,0.0
20231120090000,2023112009,6551 S COTTAGE GROVE AVE,0.9740144610404968,nan,nan,nan,0.0,1.0,Woodlawn,RT-4,0,1.0,15.2,0.0
25023090190000,2502309019,922 E 93RD ST,0.9740011096000671,0.375,105.0,0.36133333333333334,6.0,0.0,Burnside,C1-1,1,7.0,99.0,0.0
16152080310000,1615208031,4338 W ADAMS ST,0.9739930033683777,0.50575,128.0,0.6685796269727403,6.0,0.0,West Garfield Park,RT-4,1,9.0,99.0,0.0
14183270230000,1418327023,4038 N LINCOLN AVE,0.9739928841590881,0.5274490577189141,124.0,0.49528056174858825,0.0,0.0,North Center,B1-2,1,19.0,99.0,0.0
25221100050000,2522110005,15 E 113TH PL,0.9739807844161987,nan,nan,nan,6.0,0.0,Roseland,B3-2,0,2.0,99.0,0.0
20174020170000,2017402017,5931 S ABERDEEN ST,0.9739652872085571,0.5208263912029324,135.0,0.29866666666666664,7.0,0.0,Englewood,RS-3,0,8.0,99.0,0.0
20174080370000,2017408037,6042 S MAY ST,0.973859429359436,0.41014746313421646,135.0,0.6420806664634765,7.0,0.0,Englewood,RS-3,0,9.0,11.5,0.0
14322130220000,1432213022,2117 N RACINE AVE,0.9738461971282959,0.34849629469746024,133.0,0.8134408602150538,0.0,0.0,Lincoln Park,RT-4,1,11.0,99.0,0.0
20112050371001,2011205037,4808 S DORCHESTER AVE,0.9738385081291199,0.23188244770978583,nan,nan,0.0,1.0,Kenwood,RM-5,0,1.0,12.5,0.0
20222070200000,2022207020,6300 S COTTAGE GROVE AVE,0.9738327264785767,nan,nan,nan,0.0,1.0,Woodlawn,B3-5,0,2.0,99.0,0.0
16144110310000,1614411031,3214 W POLK ST,0.9738327264785767,nan,nan,nan,0.0,1.0,East Garfield Park,RT-4,0,2.0,99.0,0.0
20352000390000,2035200039,1225 E 79TH ST,0.9738327264785767,nan,nan,nan,0.0,1.0,Avalon Park,B3-2,0,2.0,99.0,0.0
25023180300000,2502318030,1212 E 95TH ST,0.9738327264785767,nan,nan,nan,0.0,1.0,Burnside,M1-1,0,2.0,99.0,0.0
14294120050000,1429412005,2645 N WILTON AVE,0.9737420678138733,0.4486762256638015,143.0,0.6589333333333334,0.0,0.0,Lincoln Park,RT-4,1,9.0,9.7,0.0
14293190110000,1429319011,2431 N GREENVIEW AVE,0.9737218618392944,0.5625,135.0,0.8736942070275403,0.0,0.0,Lincoln Park,RS-3,1,7.0,99.0,0.0
16122020140000,1612202014,2521 W CHICAGO AVE,0.973682165145874,0.41041801835202524,132.0,0.336289726533629,1.0,0.0,West Town,C1-2,1,9.0,12.4,0.0
17064320320000,1706432032,846 N ASHLAND AVE,0.9736785888671875,0.3512975856768243,117.0,0.41998361998361994,0.0,0.0,West Town,B1-2,1,17.0,99.0,0.0
14203170240000,1420317024,1438 W HENDERSON ST,0.9735956192016602,0.6214947695000199,133.0,0.4096,0.0,0.0,Lake View,RT-3.5,0,21.0,99.0,0.0
25212300120000,2521230012,17 W 114TH PL,0.9735682606697083,nan,nan,nan,7.0,0.0,Roseland,RS-3,0,5.0,99.0,0.0
20281000330000,2028100033,7142 S EMERALD AVE,0.9734917879104614,0.5705714285714286,140.0,0.3758507302898218,6.0,0.0,Englewood,RS-3,0,6.0,99.0,0.0
14192270340000,1419227034,1904 W ADDISON ST,0.9734704494476318,0.6620735241775563,79.0,0.3218285714285714,0.0,0.0,North Center,RT-3.5,1,27.0,99.0,0.0
20291160140000,2029116014,1480 W 73RD ST,0.9734579920768738,0.5366666666666666,110.0,0.36661211129296234,6.0,0.0,West Englewood,RS-2,0,9.0,99.0,0.0
14183220230000,1418322023,2019 W WARNER AVE,0.9734459519386292,0.5221362489486964,34.0,0.7029412712219323,0.0,0.0,North Center,RS-3,1,18.0,11.9,0.0
25212060140000,2521206014,146 W 112TH ST,0.9733895659446716,0.5908,120.0,0.2168458781362007,6.0,0.0,Roseland,RS-3,0,8.0,99.0,0.0
16144030260000,1614403026,3218 W FLOURNOY ST,0.9733712673187256,0.5127272727272727,125.0,0.3670138888888889,6.0,0.0,East Garfield Park,RT-4,1,2.0,99.0,0.0
20163210870000,2016321087,618 W ENGLEWOOD AVE,0.973347008228302,0.7195,125.0,0.3330370370370371,6.0,0.0,Englewood,RS-3,0,3.0,99.0,0.0
14291180190000,1429118019,2913 N LINCOLN AVE,0.9733341932296753,0.6036854115219905,130.0,0.3961165048543689,0.0,0.0,Lake View,B3-2,1,12.0,14.3,0.0
16154070140000,1615407014,4021 W HARRISON ST,0.9732987880706787,0.5041101977338369,117.0,0.2631268436578171,6.0,0.0,West Garfield Park,RT-4,0,11.0,99.0,0.0
20172110390000,2017211039,5642 S MORGAN ST,0.9732951521873474,0.5757714285714286,140.0,0.5855197132616488,6.0,0.0,Englewood,RS-3,0,5.0,99.0,0.0
17283010170000,1728301017,2629 S EMERALD AVE,0.9732840657234192,0.43776537059944504,154.0,0.29607228195937874,0.0,0.0,Bridgeport,RS-3,1,4.0,99.0,0.0
14194190220000,1419419022,1901 W HENDERSON ST,0.9732691645622253,0.5769230769230769,129.0,0.4396296296296296,0.0,0.0,North Center,RS-3,0,19.0,99.0,0.0
14204160340000,1420416034,3318 N KENMORE AVE,0.9732513427734375,0.5415603927186332,135.0,0.885483870967742,0.0,0.0,Lake View,RT-4,1,16.0,13.9,0.0
14333100210000,1433310021,1809 N CLEVELAND AVE,0.9732404947280884,0.3225432787902005,135.0,0.38953693884764934,0.0,0.0,Lincoln Park,RM-5,0,19.0,99.0,0.0
20263190230000,2026319023,7810 S INGLESIDE AVE,0.9731860756874084,0.724406528189911,133.0,0.33947324751677216,6.0,0.0,Greater Grand Crossing,RS-3,0,5.0,99.0,0.0
16231260260000,1623126026,1536 S RIDGEWAY AVE,0.9731844663619995,0.544,125.0,0.19813333333333333,7.0,0.0,North Lawndale,RT-4,0,1.0,99.0,0.0
17081300060000,1708130006,1517 W GRAND AVE,0.9731696844100952,0.32404281994406403,143.0,0.2714285714285714,0.0,0.0,West Town,C1-2,1,7.0,99.0,0.0
14191010080000,1419101008,2301 W IRVING PARK RD,0.973121166229248,0.6103912966861743,nan,nan,0.0,0.0,North Center,B3-2,1,18.0,12.1,0.0
14302140080000,1430214008,1833 W NELSON ST,0.9731082916259766,0.6193103448275862,123.0,0.5966222222222222,0.0,0.0,North Center,RS-3,1,14.0,99.0,0.0
14192120400000,1419212040,1823 W BERENICE AVE,0.9731062650680542,0.9372831146847228,nan,nan,0.0,0.0,North Center,RS-3,1,28.0,15.3,0.0
25023180360000,2502318036,1216 E 95TH ST,0.9731061458587646,nan,nan,nan,0.0,1.0,Burnside,M1-1,0,1.0,99.0,0.0
16272000780000,1627200078,4384 W OGDEN AVE,0.9731061458587646,nan,nan,nan,0.0,1.0,North Lawndale,C1-2,0,1.0,99.0,0.0
20174040330000,2017404033,5936 S SANGAMON ST,0.9730917811393738,0.6244,140.0,0.3344535125620099,6.0,0.0,Englewood,RS-3,1,5.0,99.0,0.0
20174010040000,2017401004,1117 W 59TH ST,0.9730912446975708,0.6967022758941013,135.0,0.3077777777777778,6.0,0.0,Englewood,B3-1,0,8.0,99.0,0.0
14191040210000,1419104021,3934 N HAMILTON AVE,0.9730658531188965,0.5717798954810944,118.0,0.7592592592592593,0.0,0.0,North Center,RS-3,1,23.0,99.0,0.0
14193070050000,1419307005,2013 W ADDISON ST,0.973055362701416,0.5834668824197539,119.0,0.3495238095238095,0.0,0.0,North Center,RT-3.5,0,27.0,99.0,0.0
14191220150000,1419122015,2121 W BRADLEY PL,0.9730075001716614,0.6500755821210146,124.0,0.4485925925925926,0.0,0.0,North Center,RS-3,0,30.0,99.0,0.0
14193150410000,1419315041,2014 W ROSCOE ST,0.9729391932487488,0.5434782608695652,130.0,0.406060606060606,0.0,0.0,North Center,B1-2,0,27.0,99.0,0.0
14301100210000,1430110021,2139 W BARRY AVE,0.9729124903678894,0.5878123664062803,134.0,0.6530762167125803,0.0,0.0,North Center,RS-3,0,23.0,12.6,0.0
14203180370000,1420318037,3336 N LAKEWOOD AVE,0.9729024171829224,0.651314932480352,133.0,0.45714285714285713,0.0,0.0,Lake View,RT-3.5,0,22.0,99.0,0.0
14203250420000,1420325042,3244 N SOUTHPORT AVE,0.9728375673294067,0.6042782902952907,130.0,0.7238095238095238,0.0,0.0,Lake View,RT-3.5,1,22.0,99.0,0.0
14191140250000,1419114025,3822 N SEELEY AVE,0.9728158116340637,0.4678647719884833,115.0,0.8748276812792942,0.0,0.0,North Center,RS-3,1,29.0,99.0,0.0
14204220020000,1420422002,3257 N CLIFTON AVE,0.9727956056594849,0.6228401510889657,138.0,0.3717741935483871,0.0,0.0,Lake View,RT-4,0,17.0,99.0,0.0
14191250220000,1419125022,3638 N OAKLEY AVE,0.9727073907852173,0.6061870184724087,107.0,0.6505376344086021,0.0,0.0,North Center,RS-3,1,19.0,99.0,0.0
20192170380000,2019217038,6550 S WOLCOTT AVE,0.9726710319519043,0.6186666666666667,113.0,0.30834086118638965,7.0,0.0,West Englewood,RS-3,0,9.0,99.0,0.0
13363230130000,1336323013,1719 N MOZART ST,0.972658634185791,0.34315519765739383,132.0,0.3911111111111111,0.0,0.0,West Town,RS-3,1,4.0,99.0,0.0
17072110440000,1707211044,1612 W ERIE ST,0.9726424217224121,0.38827520222666784,134.0,0.32407407407407407,0.0,0.0,West Town,RS-3,1,18.0,99.0,0.0
14191240230000,1419124023,3626 N CLAREMONT AVE,0.9726137518882751,0.5921052631578947,98.0,0.6499402628434886,0.0,0.0,North Center,RS-3,1,15.0,99.0,0.0
14194070190000,1419407019,3536 N MARSHFIELD AVE,0.9725722670555115,0.575938075930704,134.0,0.44657777777777774,0.0,0.0,Lake View,RS-3,0,21.0,99.0,0.0
14302080040000,1430208004,3049 N DAMEN AVE,0.9725708961486816,0.5425341314703962,123.0,0.4106666666666667,0.0,0.0,North Center,RT-4,0,22.0,99.0,0.0
21312330240000,2131233024,8245 S SOUTH SHORE DR,0.9725034832954407,nan,nan,nan,0.0,1.0,South Chicago,PD 1569,0,5.0,4.4,2700.0
14191300270000,1419130027,3624 N SEELEY AVE,0.9725012183189392,0.6982371708213919,124.0,0.37538991072388944,0.0,0.0,North Center,RS-3,0,27.0,99.0,0.0
14192240280000,1419224028,3736 N ASHLAND AVE,0.9724562764167786,0.5720338983050848,130.0,0.6414141414141414,0.0,0.0,Lake View,C1-2,1,16.0,8.8,0.0
14333070370000,1433307037,1922 N SEDGWICK ST,0.9724369645118713,0.29583664045024893,138.0,0.6180555555555556,0.0,0.0,Lincoln Park,RM-5,1,9.0,99.0,0.0
17053200350000,1705320035,1338 W CHESTNUT ST,0.97240149974823,0.4649248129404073,135.0,0.5979166666666667,0.0,0.0,West Town,RS-3,1,6.0,99.0,0.0
14301010050000,1430101005,3109 N WESTERN AVE,0.9723836779594421,0.4055820101846149,119.0,0.655050505050505,1.0,0.0,North Center,C1-2,1,18.0,99.0,0.0
20103000390000,2010300039,5112 S WABASH AVE,0.9722983241081238,0.6641191386021927,137.0,0.5404981491938015,6.0,0.0,Washington Park,RT-4,0,2.0,99.0,0.0
14193220040000,1419322004,2051 W ROSCOE ST,0.9722450375556946,0.7234633638152564,nan,nan,0.0,0.0,North Center,B1-2,1,25.0,99.0,0.0
14193220030000,1419322003,2053 W ROSCOE ST,0.9722450375556946,0.7234633638152564,nan,nan,0.0,0.0,North Center,B1-2,1,25.0,99.0,0.0
14291060280000,1429106028,1324 W BARRY AVE,0.9722442626953125,0.4573126115842772,129.0,0.8668444444444444,6.0,0.0,Lake View,RS-3,1,19.0,17.7,0.0
16122000040000,1612200004,2749 W CHICAGO AVE,0.9721963405609131,0.465,133.0,0.13548387096774192,5.0,1.0,West Town,M1-2,0,4.0,99.0,0.0
14194110110000,1419411011,1819 W CORNELIA AVE,0.9721434116363525,0.5974451887614112,133.0,0.4844394450693663,0.0,0.0,North Center,RS-3,0,23.0,99.0,0.0
14324080480000,1432408048,1918 N FREMONT ST,0.9721363186836243,0.6131257970635362,135.0,0.1786111111111111,0.0,0.0,Lincoln Park,RT-4,1,32.0,99.0,0.0
14193100110000,1419310011,3433 N OAKLEY AVE,0.97198885679245,0.5790582644689849,119.0,0.6924731182795698,0.0,0.0,North Center,RS-3,1,20.0,99.0,0.0
14193060260000,1419306026,3503 N HOYNE AVE,0.9719722867012024,0.5850822889929035,113.0,0.6566308243727598,1.0,0.0,North Center,RS-3,0,26.0,99.0,0.0
14191310200000,1419131020,3654 N DAMEN AVE,0.9719263911247253,0.5522617792093036,112.0,0.7395161290322582,0.0,0.0,North Center,RT-4,1,31.0,99.0,0.0
20174240050000,2017424005,6221 S RACINE AVE,0.9719047546386719,0.6249500199920032,135.0,0.26880000000000004,7.0,0.0,Englewood,C1-1,0,7.0,99.0,0.0
14301110270000,1430111027,3048 N HOYNE AVE,0.9718785285949707,0.5636363636363636,130.0,0.27813620071684586,0.0,0.0,North Center,RS-3,0,25.0,99.0,0.0
14333030320000,1433303032,1865 N HOWE ST,0.9718552231788635,0.4206730769230769,135.0,0.4389915966386555,0.0,0.0,Lincoln Park,RM-4.5,0,31.0,99.0,0.0
14184230020000,1418423002,4019 N DAMEN AVE,0.9718400239944458,0.5206308657744211,121.0,0.3354181818181818,0.0,0.0,North Center,B1-2,1,18.0,9.6,0.0
16144150210000,1614415021,3240 W ARTHINGTON ST,0.9718215465545654,0.5724103408591185,nan,nan,0.0,1.0,East Garfield Park,PD 971,0,2.0,99.0,0.0
14193240270000,1419324027,2328 W MELROSE ST,0.9718073606491089,0.6300382251899163,132.0,0.5475555555555556,0.0,0.0,North Center,RS-3,0,16.0,99.0,0.0
14301050270000,1430105027,2148 W BARRY AVE,0.9717831611633301,0.5833057883377729,138.0,0.3966666666666666,0.0,0.0,North Center,RS-3,0,27.0,99.0,0.0
13352030040000,1335203004,3573 W MEDILL AVE,0.9717757105827332,0.3310446297204512,140.0,0.6123456790123457,0.0,0.0,Logan Square,RS-3,1,4.0,99.0,0.0
14194270290000,1419427029,1926 W MELROSE ST,0.9717513918876648,0.4613286093888397,126.0,0.5791999999999999,0.0,0.0,North Center,RS-3,1,21.0,99.0,0.0
14294210090000,1429421009,1139 W ALTGELD ST,0.9717028737068176,0.5625,145.0,0.4502415458937198,0.0,0.0,Lincoln Park,RT-4,1,5.0,99.0,0.0
26051100320000,2605110032,9047 S MACKINAW AVE,0.9716917276382446,0.5562880324543611,125.0,0.24068376068376068,7.0,0.0,South Chicago,RS-2,0,5.0,17.3,0.0
20213060300000,2021306030,6840 S EMERALD AVE,0.9716810584068298,0.5668912415784408,130.0,0.4045977011494253,6.0,0.0,Englewood,RT-4,0,5.0,99.0,0.0
16014230390000,1601423039,910 N WESTERN AVE,0.9716653823852539,0.34656524839553127,121.0,0.35283389450056113,0.0,0.0,West Town,B3-2,1,6.0,99.0,0.0
14322060070000,1432206007,2241 N CLIFTON AVE,0.9716494083404541,0.41884646979981843,134.0,0.6645161290322581,0.0,0.0,Lincoln Park,RT-4,0,13.0,99.0,0.0
14194100120000,1419410012,1927 W NEWPORT AVE,0.971634566783905,0.6194152719832479,124.0,0.3982078853046595,0.0,0.0,North Center,RS-3,0,30.0,99.0,0.0
14194040120000,1419404012,1754 W CORNELIA AVE,0.9716145396232605,0.5722222222222222,133.0,0.2868490732568402,0.0,0.0,Lake View,C1-2,0,19.0,99.0,0.0
14204190360000,1420419036,872 W BUCKINGHAM PL,0.9716049432754517,0.5284090909090909,127.0,0.28483870967741937,0.0,0.0,Lake View,RM-5,1,10.0,99.0,0.0
25164030030000,2516403003,10707 S WENTWORTH AVE,0.9715594053268433,0.5615650172612198,115.0,0.2896174863387978,6.0,0.0,Roseland,RS-3,0,7.0,99.0,0.0
14194000360000,1419400036,1918 W EDDY ST,0.9714829921722412,0.5783582089552238,126.0,0.33118279569892467,0.0,0.0,North Center,RS-3,0,23.0,99.0,0.0
14213130290000,1421313029,629 W MELROSE ST,0.9714508056640625,0.532836428751511,130.0,0.30444789380720444,0.0,0.0,Lake View,RM-4.5,1,6.0,99.0,0.0
14281000270000,1428100027,708 W BRIAR PL,0.971435546875,0.5185051546391752,135.0,0.3859581410852441,0.0,0.0,Lake View,RM-4.5,1,8.0,99.0,0.0
14194120080000,1419412008,1831 W NEWPORT AVE,0.9714300036430359,0.5955729988610009,109.0,0.7526881720430106,0.0,0.0,North Center,RS-3,1,24.0,13.5,0.0
20174240270000,2017424027,6234 S MAY ST,0.9713990688323975,0.5208263912029324,135.0,0.5788444444444444,7.0,0.0,Englewood,RS-3,0,7.0,99.0,0.0
14333100220000,1433310022,1807 N CLEVELAND AVE,0.9713490009307861,0.34823582703916334,133.0,0.5245669848002827,0.0,0.0,Lincoln Park,RM-5,1,18.0,99.0,0.0
14294270120000,1429427012,937 W MONTANA ST,0.9712599515914917,0.4305566553171272,153.0,0.34706896551724137,0.0,0.0,Lincoln Park,RM-5,0,9.0,99.0,0.0
17072010030000,1707201003,1855 W CHICAGO AVE,0.971255362033844,0.32469818028228503,112.0,0.3964523281596452,0.0,0.0,West Town,B3-2,1,25.0,99.0,0.0
14192220160000,1419222016,3719 N HERMITAGE AVE,0.9712485671043396,0.5605288070286161,129.0,0.4222222222222222,0.0,0.0,Lake View,RS-3,0,17.0,99.0,0.0
14193270420000,1419327042,3248 N DAMEN AVE,0.9712258577346802,0.6266754865438847,124.0,0.42766203703703703,0.0,0.0,North Center,RT-4,0,25.0,99.0,0.0
21312140360000,2131214036,8040 S SOUTH SHORE DR,0.9712182283401489,0.4807692307692308,115.0,0.36906666666666665,7.0,0.0,South Chicago,RS-3,0,3.0,99.0,0.0
13364220260000,1336422026,1742 N CAMPBELL AVE,0.9712101221084595,0.2929730630611862,127.0,0.3797333333333333,0.0,0.0,West Town,RS-3,1,5.0,99.0,0.0
17071020280000,1707102028,2142 W SUPERIOR ST,0.9711921215057373,0.4284878048780488,127.0,0.7741347905282331,0.0,0.0,West Town,RS-3,1,14.0,99.0,0.0
14083110580000,1408311058,5014 N BROADWAY ST,0.9711893200874329,0.5597117117117117,125.0,0.161241308266804,0.0,0.0,Uptown,C1-5,1,7.0,5.1,5100.0
25162020730000,2516202073,10 W 103RD PL,0.971183717250824,0.597,115.0,0.2084335417668751,7.0,0.0,Roseland,RS-3,0,8.0,99.0,0.0
17062250110000,1706225011,1945 W POTOMAC AVE,0.9711816906929016,0.3122105263157895,133.0,0.3804225668689593,0.0,0.0,West Town,RT-4,1,5.0,99.0,0.0
25162000390000,2516200039,300 W 104TH ST,0.9711112976074219,0.5434782608695652,115.0,0.3596190476190476,7.0,0.0,Roseland,RS-3,0,9.0,99.0,0.0
14283120530000,1428312053,2474 N ORCHARD ST,0.9710699319839478,0.32869565217391306,140.0,0.3396825396825397,0.0,0.0,Lincoln Park,RM-5,0,7.0,99.0,0.0
14294140030000,1429414003,1149 W WRIGHTWOOD AVE,0.971030056476593,0.646551724137931,135.0,0.19166666666666668,0.0,0.0,Lincoln Park,RT-4,1,5.0,99.0,0.0
14291070130000,1429107013,1246 W BARRY AVE,0.9710298180580139,0.5523984606216099,135.0,0.888888888888889,0.0,0.0,Lake View,RS-3,1,23.0,11.5,0.0
14191100340000,1419110034,3818 N BELL AVE,0.9709970951080322,0.6058631921824105,118.0,0.7467144563918757,0.0,0.0,North Center,RS-3,1,22.0,12.2,0.0
25212200280000,2521220028,100 W 113TH PL,0.9709905982017517,0.5451428571428572,115.0,0.3418674698795181,6.0,0.0,Roseland,RS-3,0,6.0,99.0,0.0
14193230020000,1419323002,2021 W ROSCOE ST,0.9709596633911133,0.6082725060827251,117.0,0.3787878787878788,2.0,0.0,North Center,B1-2,0,27.0,99.0,0.0
14301130280000,1430113028,2958 N OAKLEY AVE,0.9709352850914001,0.589622641509434,132.0,0.2448,0.0,0.0,North Center,M1-2,0,15.0,99.0,0.0
21311130210000,2131113021,8051 S SAGINAW AVE,0.9709331393241882,0.7403751233958539,135.0,0.4666666666666666,6.0,0.0,South Chicago,RS-3,0,1.0,99.0,0.0
14301050300000,1430105030,2140 W BARRY AVE,0.9708409905433655,0.589622641509434,132.0,0.6588444444444445,0.0,0.0,North Center,RS-3,0,28.0,99.0,0.0
14193050120000,1419305012,3539 N HAMILTON AVE,0.9708279967308044,0.6654191204799383,124.0,0.31499862145023433,0.0,0.0,North Center,RS-3,0,30.0,99.0,0.0
14191070110000,1419107011,3915 N SEELEY AVE,0.9708206653594971,0.5602409638554217,120.0,0.7532855436081243,0.0,0.0,North Center,RS-3,1,23.0,99.0,0.0
14292180190000,1429218019,840 W OAKDALE AVE,0.970802903175354,0.631538828746978,129.0,0.6013085840267406,0.0,0.0,Lake View,RT-4,1,7.0,99.0,0.0
25214050610000,2521405061,102 W 116TH ST,0.970797061920166,nan,nan,nan,0.0,1.0,West Pullman,RS-3,0,7.0,99.0,0.0
14301040270000,1430104027,2234 W BARRY AVE,0.9707826972007751,0.5482456140350878,130.0,0.34417777777777775,0.0,0.0,North Center,RS-3,0,19.0,99.0,0.0
14204210340000,1420421034,3222 N CLIFTON AVE,0.9707740545272827,0.5246153846153846,125.0,0.780791788856305,0.0,0.0,Lake View,RT-4,1,19.0,99.0,0.0
14203090320000,1420309032,3406 N GREENVIEW AVE,0.9707136154174805,0.5740740740740741,135.0,0.3348694316436252,0.0,0.0,Lake View,RT-3.5,0,19.0,99.0,0.0
14301190070000,1430119007,2121 W WELLINGTON AVE,0.9706981182098389,0.6433606988165788,143.0,0.3192488262910798,0.0,0.0,North Center,RT-4,0,17.0,99.0,0.0
14293080190000,1429308019,1311 W SCHUBERT AVE,0.9706711173057556,0.3969367905247347,134.0,0.5934656741108354,0.0,0.0,Lincoln Park,RT-4,1,7.0,99.0,0.0
14301020100000,1430102010,2235 W BELMONT AVE,0.9706637263298035,0.5452800558366777,139.0,0.3661333333333333,0.0,0.0,North Center,C1-1,0,22.0,99.0,0.0
14193220050000,1419322005,2045 W ROSCOE ST,0.9705873727798462,0.7234633638152564,nan,nan,0.0,0.0,North Center,B1-2,1,25.0,12.6,0.0
10254260280000,1025426028,2620 W TOUHY AVE,0.9703989624977112,nan,nan,nan,0.0,1.0,West Ridge,B3-1,0,1.0,13.8,0.0
20282200410000,2028220041,7310 S PERRY AVE,0.9702896475791931,0.5475869506605554,115.0,0.4828444444444444,6.0,0.0,Greater Grand Crossing,RS-3,0,2.0,99.0,0.0
14333040140000,1433304014,1919 N LARRABEE ST,0.9701809883117676,0.4104112592163635,140.0,0.3417322834645669,0.0,0.0,Lincoln Park,RM-5,0,23.0,99.0,0.0
14194100130000,1419410013,1925 W NEWPORT AVE,0.9701775312423706,0.5783582089552238,130.0,0.6559139784946236,0.0,0.0,North Center,RS-3,0,29.0,99.0,0.0
14301140230000,1430114023,2238 W OAKDALE AVE,0.9700816869735718,0.5409475670342225,124.0,0.8163555555555556,0.0,0.0,North Center,RS-3,1,14.0,99.0,0.0
20213190130000,2021319013,6941 S NORMAL BLVD,0.9700741171836853,0.5380132450331125,130.0,0.3274666666666667,6.0,0.0,Englewood,RT-4,0,4.0,99.0,0.0
14191300280000,1419130028,3620 N SEELEY AVE,0.9700421094894409,0.6231675976979598,124.0,0.38157470151661826,0.0,0.0,North Center,RS-3,0,27.0,99.0,0.0
14184190200000,1418419020,1840 W CUYLER AVE,0.9699491262435913,0.5472972972972973,133.0,0.3422222222222222,0.0,0.0,North Center,RS-3,0,19.0,99.0,0.0
14291260210000,1429126021,1317 W GEORGE ST,0.9698949456214905,0.609375,135.0,0.6564102564102564,0.0,0.0,Lake View,RS-3,1,11.0,14.5,0.0
14183030170000,1418303017,4334 N LEAVITT ST,0.9698880314826965,0.5765,125.0,0.332466030644695,0.0,0.0,North Center,RS-3,0,9.0,99.0,0.0
14181280360000,1418128036,4556 N DAMEN AVE,0.969870388507843,0.6369702127659574,129.0,0.5344449788894233,0.0,0.0,Lincoln Square,RS-3,1,9.0,16.5,0.0
14304100230000,1430410023,2440 N ASHLAND AVE,0.969828724861145,0.586925899518286,144.0,0.3343434343434343,0.0,0.0,Lincoln Park,C1-2,0,8.0,99.0,0.0
14322280130000,1432228013,2029 N DAYTON ST,0.9698092937469482,0.3355178396578084,133.0,0.9296000000000001,0.0,0.0,Lincoln Park,RT-4,1,34.0,99.0,0.0
20173090170000,2017309017,1506 W 61ST ST,0.9697503447532654,0.61,115.0,0.3217777777777778,6.0,0.0,West Englewood,RS-3,0,9.0,99.0,0.0
14192250290000,1419225029,1922 W PATTERSON AVE,0.9696950912475586,0.5716463414634146,125.0,0.5084444444444445,0.0,0.0,North Center,RS-3,0,29.0,99.0,0.0
17063290300000,1706329030,2218 W CHICAGO AVE,0.9694992899894714,0.2664268292682927,135.0,0.8958375811948384,0.0,0.0,West Town,C1-2,1,16.0,99.0,0.0
14184160330000,1418416033,1916 W BELLE PLAINE AVE,0.9694983959197998,0.5550394736842105,135.0,0.41296256785909013,0.0,0.0,North Center,RS-3,0,16.0,99.0,0.0
14191130190000,1419113019,3848 N HOYNE AVE,0.9694764018058777,0.5406976744186046,125.0,0.45878136200716846,0.0,0.0,North Center,RS-3,0,26.0,99.0,0.0
25083020200000,2508302020,9969 S BEVERLY AVE,0.96946120262146,0.5769230769230769,125.0,0.34584615384615386,6.0,0.0,Washington Heights,RS-2,0,2.0,99.0,0.0
25281180340000,2528118034,12115 S UNION AVE,0.9694599509239197,nan,nan,nan,0.0,1.0,West Pullman,RS-3,0,3.0,99.0,0.0
25281180030000,2528118003,12109 S UNION AVE,0.9694599509239197,nan,nan,nan,0.0,1.0,West Pullman,RS-3,0,3.0,99.0,0.0
14192040050000,1419204005,1839 W LARCHMONT AVE,0.9694515466690063,0.6004399948235903,123.0,0.4658883718398781,0.0,0.0,North Center,RS-3,0,22.0,99.0,0.0
20283030060000,2028303006,7510 S PARNELL AVE,0.9694492220878601,0.574,135.0,0.4822222222222222,6.0,0.0,Greater Grand Crossing,RS-3,0,5.0,99.0,0.0
14183240020000,1418324002,4055 N OAKLEY AVE,0.9694390892982483,0.5428966161390126,130.0,0.36129032258064514,0.0,0.0,North Center,RS-3,0,19.0,99.0,0.0
20213070240000,2021307024,6824 S UNION AVE,0.9694250822067261,0.53925,129.0,0.32339015151515155,6.0,0.0,Englewood,RT-4,0,4.0,99.0,0.0
14193110040000,1419311004,3451 N BELL AVE,0.9694133400917053,0.6111890979637545,126.0,0.6598566308243727,0.0,0.0,North Center,RS-3,0,22.0,99.0,0.0
14304070510000,1430407051,2512 N MARSHFIELD AVE,0.9693806171417236,0.5620494669141451,131.0,0.7747555555555555,0.0,0.0,Lincoln Park,RS-3,1,6.0,99.0,0.0
25212080210000,2521208021,318 W 112TH PL,0.9693803191184998,0.5895,115.0,0.2837333333333333,6.0,0.0,Roseland,RS-3,0,5.0,17.3,0.0
17063070160000,1706307016,2033 W HADDON AVE,0.9693329334259033,0.29600722252963274,128.0,0.6600091827364555,0.0,0.0,West Town,RT-4,1,10.0,99.0,0.0
17331210390000,1733121039,3433 S LOWE AVE,0.9692630171775818,0.44715447154471544,135.0,0.18480000000000002,0.0,0.0,Bridgeport,RT-4,1,6.0,99.0,0.0
20192290280000,2019229028,6620 S PAULINA ST,0.9692520499229431,0.635,113.0,0.34206564287865104,8.0,0.0,West Englewood,RS-3,0,3.0,99.0,0.0
14283000270000,1428300027,740 W SCHUBERT AVE,0.9692404270172119,0.5395779301524141,135.0,0.5946502057613169,0.0,0.0,Lincoln Park,RT-4,1,7.0,14.7,0.0
14191140030000,1419114003,3851 N HOYNE AVE,0.9692307710647583,0.5721789206121524,124.0,0.41193036354326673,0.0,0.0,North Center,RS-3,0,27.0,99.0,0.0
14302140210000,1430214021,1836 W WELLINGTON AVE,0.9692204594612122,0.5993371894993633,124.0,0.7487999999999999,0.0,0.0,North Center,RS-3,1,14.0,99.0,0.0
14322260250000,1432226025,2034 N FREMONT ST,0.9691312313079834,0.550935785509781,138.0,0.37920000000000004,0.0,0.0,Lincoln Park,RT-4,0,28.0,99.0,0.0
14294020190000,1429402019,2717 N SEMINARY AVE,0.9690629243850708,0.4119558749485055,134.0,0.4466666666666667,0.0,0.0,Lincoln Park,RT-4,1,10.0,13.1,0.0
17061180180000,1706118018,2131 W SCHILLER ST,0.9690483808517456,0.44928,140.0,0.2611585944919278,0.0,0.0,West Town,RT-4,0,6.0,99.0,0.0
